"filename", "language", "Markdown", "JavaScript", "TypeScript", "JSON with Comments", "TypeScript JSX", "XML", "JSON", "C#", "PostCSS", "comment", "blank", "total"
"/home/matushd/Code/GitHub/InternetMarket/Backend/src/InternetMarket.CartService/InternetMarket.CartService.API/Controllers/CartsController.cs", "C#", 0, 0, 0, 0, 0, 0, 0, 59, 0, 0, 6, 65
"/home/matushd/Code/GitHub/InternetMarket/Backend/src/InternetMarket.CartService/InternetMarket.CartService.API/DTOs/Requests/AddCartItemRequest.cs", "C#", 0, 0, 0, 0, 0, 0, 0, 8, 0, 0, 1, 9
"/home/matushd/Code/GitHub/InternetMarket/Backend/src/InternetMarket.CartService/InternetMarket.CartService.API/Extensions/ClaimsPrincipleExtensions.cs", "C#", 0, 0, 0, 0, 0, 0, 0, 19, 0, 0, 3, 22
"/home/matushd/Code/GitHub/InternetMarket/Backend/src/InternetMarket.CartService/InternetMarket.CartService.API/Extensions/DependencyInjection.cs", "C#", 0, 0, 0, 0, 0, 0, 0, 44, 0, 0, 2, 46
"/home/matushd/Code/GitHub/InternetMarket/Backend/src/InternetMarket.CartService/InternetMarket.CartService.API/InternetMarket.CartService.API.csproj", "XML", 0, 0, 0, 0, 0, 19, 0, 0, 0, 0, 5, 24
"/home/matushd/Code/GitHub/InternetMarket/Backend/src/InternetMarket.CartService/InternetMarket.CartService.API/Program.cs", "C#", 0, 0, 0, 0, 0, 0, 0, 18, 0, 0, 6, 24
"/home/matushd/Code/GitHub/InternetMarket/Backend/src/InternetMarket.CartService/InternetMarket.CartService.API/Properties/launchSettings.json", "JSON", 0, 0, 0, 0, 0, 0, 23, 0, 0, 0, 1, 24
"/home/matushd/Code/GitHub/InternetMarket/Backend/src/InternetMarket.CartService/InternetMarket.CartService.API/appsettings.json", "JSON", 0, 0, 0, 0, 0, 0, 9, 0, 0, 0, 1, 10
"/home/matushd/Code/GitHub/InternetMarket/Backend/src/InternetMarket.CartService/InternetMarket.CartService.Application/Abstractions/Clients/IProductServiceClient.cs", "C#", 0, 0, 0, 0, 0, 0, 0, 12, 0, 0, 1, 13
"/home/matushd/Code/GitHub/InternetMarket/Backend/src/InternetMarket.CartService/InternetMarket.CartService.Application/Abstractions/Repositories/ICartRepository.cs", "C#", 0, 0, 0, 0, 0, 0, 0, 16, 0, 0, 1, 17
"/home/matushd/Code/GitHub/InternetMarket/Backend/src/InternetMarket.CartService/InternetMarket.CartService.Application/CartItems/CartItemDto.cs", "C#", 0, 0, 0, 0, 0, 0, 0, 8, 0, 0, 1, 9
"/home/matushd/Code/GitHub/InternetMarket/Backend/src/InternetMarket.CartService/InternetMarket.CartService.Application/CartItems/Create/AddCartItemCommand.cs", "C#", 0, 0, 0, 0, 0, 0, 0, 9, 0, 0, 1, 10
"/home/matushd/Code/GitHub/InternetMarket/Backend/src/InternetMarket.CartService/InternetMarket.CartService.Application/CartItems/Create/AddCartItemCommandHandler.cs", "C#", 0, 0, 0, 0, 0, 0, 0, 36, 0, 0, 7, 43
"/home/matushd/Code/GitHub/InternetMarket/Backend/src/InternetMarket.CartService/InternetMarket.CartService.Application/Carts/CartDto.cs", "C#", 0, 0, 0, 0, 0, 0, 0, 10, 0, 0, 1, 11
"/home/matushd/Code/GitHub/InternetMarket/Backend/src/InternetMarket.CartService/InternetMarket.CartService.Application/Carts/Clear/ClearCartCommand.cs", "C#", 0, 0, 0, 0, 0, 0, 0, 9, 0, 0, 1, 10
"/home/matushd/Code/GitHub/InternetMarket/Backend/src/InternetMarket.CartService/InternetMarket.CartService.Application/Carts/Clear/ClearCartCommandHandler.cs", "C#", 0, 0, 0, 0, 0, 0, 0, 25, 0, 0, 5, 30
"/home/matushd/Code/GitHub/InternetMarket/Backend/src/InternetMarket.CartService/InternetMarket.CartService.Application/Carts/Create/CreateCartCommand.cs", "C#", 0, 0, 0, 0, 0, 0, 0, 9, 0, 0, 1, 10
"/home/matushd/Code/GitHub/InternetMarket/Backend/src/InternetMarket.CartService/InternetMarket.CartService.Application/Carts/Create/CreateCartCommandHandler.cs", "C#", 0, 0, 0, 0, 0, 0, 0, 25, 0, 0, 4, 29
"/home/matushd/Code/GitHub/InternetMarket/Backend/src/InternetMarket.CartService/InternetMarket.CartService.Application/Carts/Get/GetCartByUserIdQuery.cs", "C#", 0, 0, 0, 0, 0, 0, 0, 10, 0, 0, 1, 11
"/home/matushd/Code/GitHub/InternetMarket/Backend/src/InternetMarket.CartService/InternetMarket.CartService.Application/Carts/Get/GetCartByUserIdQueryHandler.cs", "C#", 0, 0, 0, 0, 0, 0, 0, 36, 0, 0, 5, 41
"/home/matushd/Code/GitHub/InternetMarket/Backend/src/InternetMarket.CartService/InternetMarket.CartService.Application/Consumers/UserRegisteredConsumer.cs", "C#", 0, 0, 0, 0, 0, 0, 0, 26, 0, 0, 4, 30
"/home/matushd/Code/GitHub/InternetMarket/Backend/src/InternetMarket.CartService/InternetMarket.CartService.Application/DTOs/ProductDto.cs", "C#", 0, 0, 0, 0, 0, 0, 0, 9, 0, 0, 1, 10
"/home/matushd/Code/GitHub/InternetMarket/Backend/src/InternetMarket.CartService/InternetMarket.CartService.Application/Extensions/DependencyInjection.cs", "C#", 0, 0, 0, 0, 0, 0, 0, 12, 0, 0, 1, 13
"/home/matushd/Code/GitHub/InternetMarket/Backend/src/InternetMarket.CartService/InternetMarket.CartService.Application/InternetMarket.CartService.Application.csproj", "XML", 0, 0, 0, 0, 0, 16, 0, 0, 0, 0, 5, 21
"/home/matushd/Code/GitHub/InternetMarket/Backend/src/InternetMarket.CartService/InternetMarket.CartService.Domain/Entities/Cart.cs", "C#", 0, 0, 0, 0, 0, 0, 0, 42, 0, 0, 8, 50
"/home/matushd/Code/GitHub/InternetMarket/Backend/src/InternetMarket.CartService/InternetMarket.CartService.Domain/Entities/CartItem.cs", "C#", 0, 0, 0, 0, 0, 0, 0, 41, 0, 0, 3, 44
"/home/matushd/Code/GitHub/InternetMarket/Backend/src/InternetMarket.CartService/InternetMarket.CartService.Domain/InternetMarket.CartService.Domain.csproj", "XML", 0, 0, 0, 0, 0, 7, 0, 0, 0, 0, 3, 10
"/home/matushd/Code/GitHub/InternetMarket/Backend/src/InternetMarket.CartService/InternetMarket.CartService.Infrastructure/Extensions/DependencyInjection.cs", "C#", 0, 0, 0, 0, 0, 0, 0, 58, 0, 0, 10, 68
"/home/matushd/Code/GitHub/InternetMarket/Backend/src/InternetMarket.CartService/InternetMarket.CartService.Infrastructure/Implementations/Clients/ProductServiceClient.cs", "C#", 0, 0, 0, 0, 0, 0, 0, 34, 0, 0, 5, 39
"/home/matushd/Code/GitHub/InternetMarket/Backend/src/InternetMarket.CartService/InternetMarket.CartService.Infrastructure/Implementations/Repositories/CartRepository.cs", "C#", 0, 0, 0, 0, 0, 0, 0, 45, 0, 0, 8, 53
"/home/matushd/Code/GitHub/InternetMarket/Backend/src/InternetMarket.CartService/InternetMarket.CartService.Infrastructure/InternetMarket.CartService.Infrastructure.csproj", "XML", 0, 0, 0, 0, 0, 18, 0, 0, 0, 0, 4, 22
"/home/matushd/Code/GitHub/InternetMarket/Backend/src/InternetMarket.CartService/InternetMarket.CartService.Infrastructure/Migrations/20260121100828_InitialMigration.Designer.cs", "C#", 0, 0, 0, 0, 0, 0, 0, 69, 0, 2, 21, 92
"/home/matushd/Code/GitHub/InternetMarket/Backend/src/InternetMarket.CartService/InternetMarket.CartService.Infrastructure/Migrations/20260121100828_InitialMigration.cs", "C#", 0, 0, 0, 0, 0, 0, 0, 56, 0, 3, 7, 66
"/home/matushd/Code/GitHub/InternetMarket/Backend/src/InternetMarket.CartService/InternetMarket.CartService.Infrastructure/Migrations/20260218104306_AddUniqueUserIdIndexToCartService.Designer.cs", "C#", 0, 0, 0, 0, 0, 0, 0, 71, 0, 2, 22, 95
"/home/matushd/Code/GitHub/InternetMarket/Backend/src/InternetMarket.CartService/InternetMarket.CartService.Infrastructure/Migrations/20260218104306_AddUniqueUserIdIndexToCartService.cs", "C#", 0, 0, 0, 0, 0, 0, 0, 22, 0, 3, 4, 29
"/home/matushd/Code/GitHub/InternetMarket/Backend/src/InternetMarket.CartService/InternetMarket.CartService.Infrastructure/Migrations/20260219095249_AddNavigationPropertyToCartService.Designer.cs", "C#", 0, 0, 0, 0, 0, 0, 0, 78, 0, 2, 26, 106
"/home/matushd/Code/GitHub/InternetMarket/Backend/src/InternetMarket.CartService/InternetMarket.CartService.Infrastructure/Migrations/20260219095249_AddNavigationPropertyToCartService.cs", "C#", 0, 0, 0, 0, 0, 0, 0, 39, 0, 3, 8, 50
"/home/matushd/Code/GitHub/InternetMarket/Backend/src/InternetMarket.CartService/InternetMarket.CartService.Infrastructure/Migrations/20260319112227_AddTitleFieldToCartItem.Designer.cs", "C#", 0, 0, 0, 0, 0, 0, 0, 81, 0, 2, 27, 110
"/home/matushd/Code/GitHub/InternetMarket/Backend/src/InternetMarket.CartService/InternetMarket.CartService.Infrastructure/Migrations/20260319112227_AddTitleFieldToCartItem.cs", "C#", 0, 0, 0, 0, 0, 0, 0, 31, 0, 3, 6, 40
"/home/matushd/Code/GitHub/InternetMarket/Backend/src/InternetMarket.CartService/InternetMarket.CartService.Infrastructure/Migrations/20260319130625_RemoveExcessCartId.Designer.cs", "C#", 0, 0, 0, 0, 0, 0, 0, 81, 0, 2, 27, 110
"/home/matushd/Code/GitHub/InternetMarket/Backend/src/InternetMarket.CartService/InternetMarket.CartService.Infrastructure/Migrations/20260319130625_RemoveExcessCartId.cs", "C#", 0, 0, 0, 0, 0, 0, 0, 14, 0, 3, 6, 23
"/home/matushd/Code/GitHub/InternetMarket/Backend/src/InternetMarket.CartService/InternetMarket.CartService.Infrastructure/Migrations/20260319132149_UpdateRelationsCartwithCartItem.Designer.cs", "C#", 0, 0, 0, 0, 0, 0, 0, 74, 0, 2, 23, 99
"/home/matushd/Code/GitHub/InternetMarket/Backend/src/InternetMarket.CartService/InternetMarket.CartService.Infrastructure/Migrations/20260319132149_UpdateRelationsCartwithCartItem.cs", "C#", 0, 0, 0, 0, 0, 0, 0, 39, 0, 3, 8, 50
"/home/matushd/Code/GitHub/InternetMarket/Backend/src/InternetMarket.CartService/InternetMarket.CartService.Infrastructure/Migrations/20260406071108_AddOutOfBoxPattern.Designer.cs", "C#", 0, 0, 0, 0, 0, 0, 0, 202, 0, 2, 77, 281
"/home/matushd/Code/GitHub/InternetMarket/Backend/src/InternetMarket.CartService/InternetMarket.CartService.Infrastructure/Migrations/20260406071108_AddOutOfBoxPattern.cs", "C#", 0, 0, 0, 0, 0, 0, 0, 127, 0, 3, 14, 144
"/home/matushd/Code/GitHub/InternetMarket/Backend/src/InternetMarket.CartService/InternetMarket.CartService.Infrastructure/Migrations/20260409063427_ChangeNameOfFieldFromTitleToProductName.Designer.cs", "C#", 0, 0, 0, 0, 0, 0, 0, 202, 0, 2, 77, 281
"/home/matushd/Code/GitHub/InternetMarket/Backend/src/InternetMarket.CartService/InternetMarket.CartService.Infrastructure/Migrations/20260409063427_ChangeNameOfFieldFromTitleToProductName.cs", "C#", 0, 0, 0, 0, 0, 0, 0, 22, 0, 3, 4, 29
"/home/matushd/Code/GitHub/InternetMarket/Backend/src/InternetMarket.CartService/InternetMarket.CartService.Infrastructure/Migrations/20260526173645_AddWeightLengthWidthHeightAndIsLargeSizeProductFields.Designer.cs", "C#", 0, 0, 0, 0, 0, 0, 0, 212, 0, 2, 82, 296
"/home/matushd/Code/GitHub/InternetMarket/Backend/src/InternetMarket.CartService/InternetMarket.CartService.Infrastructure/Migrations/20260526173645_AddWeightLengthWidthHeightAndIsLargeSizeProductFields.cs", "C#", 0, 0, 0, 0, 0, 0, 0, 59, 0, 3, 12, 74
"/home/matushd/Code/GitHub/InternetMarket/Backend/src/InternetMarket.CartService/InternetMarket.CartService.Infrastructure/Migrations/CartContextModelSnapshot.cs", "C#", 0, 0, 0, 0, 0, 0, 0, 210, 0, 1, 82, 293
"/home/matushd/Code/GitHub/InternetMarket/Backend/src/InternetMarket.CartService/InternetMarket.CartService.Infrastructure/Persistence/DB/CartContext.cs", "C#", 0, 0, 0, 0, 0, 0, 0, 18, 0, 0, 6, 24
"/home/matushd/Code/GitHub/InternetMarket/Backend/src/InternetMarket.CartService/InternetMarket.CartService.Infrastructure/Persistence/DB/CartContextFactory.cs", "C#", 0, 0, 0, 0, 0, 0, 0, 29, 0, 0, 5, 34
"/home/matushd/Code/GitHub/InternetMarket/Backend/src/InternetMarket.CartService/InternetMarket.CartService.Infrastructure/Persistence/DB/Configurations/CartConfiguration.cs", "C#", 0, 0, 0, 0, 0, 0, 0, 24, 0, 0, 4, 28
"/home/matushd/Code/GitHub/InternetMarket/Backend/src/InternetMarket.CartService/InternetMarket.CartService.Infrastructure/Persistence/DB/Configurations/CartItemConfiguration.cs", "C#", 0, 0, 0, 0, 0, 0, 0, 33, 0, 0, 3, 36
"/home/matushd/Code/GitHub/InternetMarket/Backend/src/InternetMarket.Contracts/Events/Email/EmailChangeRequested.cs", "C#", 0, 0, 0, 0, 0, 0, 0, 8, 0, 0, 1, 9
"/home/matushd/Code/GitHub/InternetMarket/Backend/src/InternetMarket.Contracts/Events/Order/DTOs/OrderItem.cs", "C#", 0, 0, 0, 0, 0, 0, 0, 9, 0, 0, 1, 10
"/home/matushd/Code/GitHub/InternetMarket/Backend/src/InternetMarket.Contracts/Events/Order/OrderCancelled.cs", "C#", 0, 0, 0, 0, 0, 0, 0, 8, 0, 0, 1, 9
"/home/matushd/Code/GitHub/InternetMarket/Backend/src/InternetMarket.Contracts/Events/Order/OrderCreated.cs", "C#", 0, 0, 0, 0, 0, 0, 0, 10, 0, 0, 1, 11
"/home/matushd/Code/GitHub/InternetMarket/Backend/src/InternetMarket.Contracts/Events/Order/OrderPaid.cs", "C#", 0, 0, 0, 0, 0, 0, 0, 8, 0, 0, 1, 9
"/home/matushd/Code/GitHub/InternetMarket/Backend/src/InternetMarket.Contracts/Events/Password/PasswordResetRequested.cs", "C#", 0, 0, 0, 0, 0, 0, 0, 17, 0, 0, 2, 19
"/home/matushd/Code/GitHub/InternetMarket/Backend/src/InternetMarket.Contracts/Events/Shipment/ShipmentCreated.cs", "C#", 0, 0, 0, 0, 0, 0, 0, 8, 0, 0, 1, 9
"/home/matushd/Code/GitHub/InternetMarket/Backend/src/InternetMarket.Contracts/Events/Shipment/ShipmentReceived.cs", "C#", 0, 0, 0, 0, 0, 0, 0, 8, 0, 0, 1, 9
"/home/matushd/Code/GitHub/InternetMarket/Backend/src/InternetMarket.Contracts/Events/Transaction/TransactionSuccessful.cs", "C#", 0, 0, 0, 0, 0, 0, 0, 8, 0, 0, 1, 9
"/home/matushd/Code/GitHub/InternetMarket/Backend/src/InternetMarket.Contracts/Events/User/UserRegistered.cs", "C#", 0, 0, 0, 0, 0, 0, 0, 8, 0, 0, 1, 9
"/home/matushd/Code/GitHub/InternetMarket/Backend/src/InternetMarket.Contracts/InternetMarket.Contracts.csproj", "XML", 0, 0, 0, 0, 0, 7, 0, 0, 0, 0, 3, 10
"/home/matushd/Code/GitHub/InternetMarket/Backend/src/InternetMarket.EmailService/InternetMarket.EmailService.API/InternetMarket.EmailService.API.csproj", "XML", 0, 0, 0, 0, 0, 14, 0, 0, 0, 0, 5, 19
"/home/matushd/Code/GitHub/InternetMarket/Backend/src/InternetMarket.EmailService/InternetMarket.EmailService.API/Program.cs", "C#", 0, 0, 0, 0, 0, 0, 0, 25, 0, 0, 4, 29
"/home/matushd/Code/GitHub/InternetMarket/Backend/src/InternetMarket.EmailService/InternetMarket.EmailService.API/Properties/launchSettings.json", "JSON", 0, 0, 0, 0, 0, 0, 23, 0, 0, 0, 1, 24
"/home/matushd/Code/GitHub/InternetMarket/Backend/src/InternetMarket.EmailService/InternetMarket.EmailService.API/appsettings.json", "JSON", 0, 0, 0, 0, 0, 0, 9, 0, 0, 0, 1, 10
"/home/matushd/Code/GitHub/InternetMarket/Backend/src/InternetMarket.EmailService/InternetMarket.EmailService.Application/Abstractions/EmailSender/IEmailSender.cs", "C#", 0, 0, 0, 0, 0, 0, 0, 12, 0, 0, 1, 13
"/home/matushd/Code/GitHub/InternetMarket/Backend/src/InternetMarket.EmailService/InternetMarket.EmailService.Application/Consumers/Email/EmailChangeRequestedConsumer.cs", "C#", 0, 0, 0, 0, 0, 0, 0, 27, 0, 0, 3, 30
"/home/matushd/Code/GitHub/InternetMarket/Backend/src/InternetMarket.EmailService/InternetMarket.EmailService.Application/Consumers/Order/OrderCancelledConsumer.cs", "C#", 0, 0, 0, 0, 0, 0, 0, 27, 0, 0, 4, 31
"/home/matushd/Code/GitHub/InternetMarket/Backend/src/InternetMarket.EmailService/InternetMarket.EmailService.Application/Consumers/Order/OrderCreatedConsumer.cs", "C#", 0, 0, 0, 0, 0, 0, 0, 37, 0, 0, 5, 42
"/home/matushd/Code/GitHub/InternetMarket/Backend/src/InternetMarket.EmailService/InternetMarket.EmailService.Application/Consumers/Order/OrderPaidConsumer.cs", "C#", 0, 0, 0, 0, 0, 0, 0, 27, 0, 0, 3, 30
"/home/matushd/Code/GitHub/InternetMarket/Backend/src/InternetMarket.EmailService/InternetMarket.EmailService.Application/Consumers/Password/PasswordResetRequestedConsumer.cs", "C#", 0, 0, 0, 0, 0, 0, 0, 28, 0, 0, 3, 31
"/home/matushd/Code/GitHub/InternetMarket/Backend/src/InternetMarket.EmailService/InternetMarket.EmailService.Application/Consumers/User/UserRegisteredConsumer.cs", "C#", 0, 0, 0, 0, 0, 0, 0, 28, 0, 0, 3, 31
"/home/matushd/Code/GitHub/InternetMarket/Backend/src/InternetMarket.EmailService/InternetMarket.EmailService.Application/DTOs/EmailMetadata/EmailMetadata.cs", "C#", 0, 0, 0, 0, 0, 0, 0, 22, 0, 0, 2, 24
"/home/matushd/Code/GitHub/InternetMarket/Backend/src/InternetMarket.EmailService/InternetMarket.EmailService.Application/InternetMarket.EmailService.Application.csproj", "XML", 0, 0, 0, 0, 0, 16, 0, 0, 0, 0, 5, 21
"/home/matushd/Code/GitHub/InternetMarket/Backend/src/InternetMarket.EmailService/InternetMarket.EmailService.Infrastructure/Extensions/DI/DependencyInjection.cs", "C#", 0, 0, 0, 0, 0, 0, 0, 50, 0, 0, 3, 53
"/home/matushd/Code/GitHub/InternetMarket/Backend/src/InternetMarket.EmailService/InternetMarket.EmailService.Infrastructure/Extensions/FluentEmail/FluentEmailExtensions.cs", "C#", 0, 0, 0, 0, 0, 0, 0, 23, 0, 0, 3, 26
"/home/matushd/Code/GitHub/InternetMarket/Backend/src/InternetMarket.EmailService/InternetMarket.EmailService.Infrastructure/Implementations/EmailSender/EmailSender.cs", "C#", 0, 0, 0, 0, 0, 0, 0, 26, 0, 0, 3, 29
"/home/matushd/Code/GitHub/InternetMarket/Backend/src/InternetMarket.EmailService/InternetMarket.EmailService.Infrastructure/InternetMarket.EmailService.Infrastructure.csproj", "XML", 0, 0, 0, 0, 0, 17, 0, 0, 0, 0, 5, 22
"/home/matushd/Code/GitHub/InternetMarket/Backend/src/InternetMarket.Gateway/InternetMarket.Gateway.csproj", "XML", 0, 0, 0, 0, 0, 11, 0, 0, 0, 0, 4, 15
"/home/matushd/Code/GitHub/InternetMarket/Backend/src/InternetMarket.Gateway/Program.cs", "C#", 0, 0, 0, 0, 0, 0, 0, 24, 0, 0, 6, 30
"/home/matushd/Code/GitHub/InternetMarket/Backend/src/InternetMarket.Gateway/Properties/launchSettings.json", "JSON", 0, 0, 0, 0, 0, 0, 23, 0, 0, 0, 0, 23
"/home/matushd/Code/GitHub/InternetMarket/Backend/src/InternetMarket.Gateway/appsettings.json", "JSON", 0, 0, 0, 0, 0, 0, 9, 0, 0, 0, 1, 10
"/home/matushd/Code/GitHub/InternetMarket/Backend/src/InternetMarket.Gateway/ocelot.json", "JSON", 0, 0, 0, 0, 0, 0, 211, 0, 0, 0, 0, 211
"/home/matushd/Code/GitHub/InternetMarket/Backend/src/InternetMarket.OrderService/InternetMarket.OrderService.API/Controllers/OrderController.cs", "C#", 0, 0, 0, 0, 0, 0, 0, 65, 0, 0, 6, 71
"/home/matushd/Code/GitHub/InternetMarket/Backend/src/InternetMarket.OrderService/InternetMarket.OrderService.API/DTOs/CreateOrderRequest.cs", "C#", 0, 0, 0, 0, 0, 0, 0, 9, 0, 0, 1, 10
"/home/matushd/Code/GitHub/InternetMarket/Backend/src/InternetMarket.OrderService/InternetMarket.OrderService.API/Extensions/ClaimsPrincipleExtensions.cs", "C#", 0, 0, 0, 0, 0, 0, 0, 19, 0, 0, 3, 22
"/home/matushd/Code/GitHub/InternetMarket/Backend/src/InternetMarket.OrderService/InternetMarket.OrderService.API/Extensions/DependencyInjection.cs", "C#", 0, 0, 0, 0, 0, 0, 0, 43, 0, 0, 2, 45
"/home/matushd/Code/GitHub/InternetMarket/Backend/src/InternetMarket.OrderService/InternetMarket.OrderService.API/InternetMarket.OrderService.API.csproj", "XML", 0, 0, 0, 0, 0, 18, 0, 0, 0, 0, 5, 23
"/home/matushd/Code/GitHub/InternetMarket/Backend/src/InternetMarket.OrderService/InternetMarket.OrderService.API/Program.cs", "C#", 0, 0, 0, 0, 0, 0, 0, 14, 0, 0, 4, 18
"/home/matushd/Code/GitHub/InternetMarket/Backend/src/InternetMarket.OrderService/InternetMarket.OrderService.API/Properties/launchSettings.json", "JSON", 0, 0, 0, 0, 0, 0, 23, 0, 0, 0, 1, 24
"/home/matushd/Code/GitHub/InternetMarket/Backend/src/InternetMarket.OrderService/InternetMarket.OrderService.API/appsettings.json", "JSON", 0, 0, 0, 0, 0, 0, 9, 0, 0, 0, 1, 10
"/home/matushd/Code/GitHub/InternetMarket/Backend/src/InternetMarket.OrderService/InternetMarket.OrderService.Application/Abstractions/Clients/ICartServiceClient.cs", "C#", 0, 0, 0, 0, 0, 0, 0, 13, 0, 0, 2, 15
"/home/matushd/Code/GitHub/InternetMarket/Backend/src/InternetMarket.OrderService/InternetMarket.OrderService.Application/Abstractions/Clients/IProductServiceClient.cs", "C#", 0, 0, 0, 0, 0, 0, 0, 13, 0, 0, 1, 14
"/home/matushd/Code/GitHub/InternetMarket/Backend/src/InternetMarket.OrderService/InternetMarket.OrderService.Application/Abstractions/Repositories/IOrderRepository.cs", "C#", 0, 0, 0, 0, 0, 0, 0, 16, 0, 0, 1, 17
"/home/matushd/Code/GitHub/InternetMarket/Backend/src/InternetMarket.OrderService/InternetMarket.OrderService.Application/Abstractions/Repositories/IUserRepository.cs", "C#", 0, 0, 0, 0, 0, 0, 0, 15, 0, 0, 1, 16
"/home/matushd/Code/GitHub/InternetMarket/Backend/src/InternetMarket.OrderService/InternetMarket.OrderService.Application/Abstractions/UnitOfWork/IUnitOfWork.cs", "C#", 0, 0, 0, 0, 0, 0, 0, 11, 0, 0, 1, 12
"/home/matushd/Code/GitHub/InternetMarket/Backend/src/InternetMarket.OrderService/InternetMarket.OrderService.Application/Consumers/ShipmentCreatedConsumer.cs", "C#", 0, 0, 0, 0, 0, 0, 0, 24, 0, 0, 3, 27
"/home/matushd/Code/GitHub/InternetMarket/Backend/src/InternetMarket.OrderService/InternetMarket.OrderService.Application/Consumers/ShipmentReceivedConsumer.cs", "C#", 0, 0, 0, 0, 0, 0, 0, 23, 0, 0, 3, 26
"/home/matushd/Code/GitHub/InternetMarket/Backend/src/InternetMarket.OrderService/InternetMarket.OrderService.Application/Consumers/TransactionSuccessfulConsumer.cs", "C#", 0, 0, 0, 0, 0, 0, 0, 25, 0, 0, 3, 28
"/home/matushd/Code/GitHub/InternetMarket/Backend/src/InternetMarket.OrderService/InternetMarket.OrderService.Application/Consumers/UserRegisteredConsumer.cs", "C#", 0, 0, 0, 0, 0, 0, 0, 27, 0, 0, 3, 30
"/home/matushd/Code/GitHub/InternetMarket/Backend/src/InternetMarket.OrderService/InternetMarket.OrderService.Application/DTOs/CartDto.cs", "C#", 0, 0, 0, 0, 0, 0, 0, 8, 0, 0, 1, 9
"/home/matushd/Code/GitHub/InternetMarket/Backend/src/InternetMarket.OrderService/InternetMarket.OrderService.Application/DTOs/CartItemDto.cs", "C#", 0, 0, 0, 0, 0, 0, 0, 8, 0, 0, 1, 9
"/home/matushd/Code/GitHub/InternetMarket/Backend/src/InternetMarket.OrderService/InternetMarket.OrderService.Application/Extensions/DependencyInjection.cs", "C#", 0, 0, 0, 0, 0, 0, 0, 17, 0, 0, 2, 19
"/home/matushd/Code/GitHub/InternetMarket/Backend/src/InternetMarket.OrderService/InternetMarket.OrderService.Application/InternetMarket.OrderService.Application.csproj", "XML", 0, 0, 0, 0, 0, 15, 0, 0, 0, 0, 5, 20
"/home/matushd/Code/GitHub/InternetMarket/Backend/src/InternetMarket.OrderService/InternetMarket.OrderService.Application/Orders/Create/CreateOrderCommand.cs", "C#", 0, 0, 0, 0, 0, 0, 0, 10, 0, 0, 1, 11
"/home/matushd/Code/GitHub/InternetMarket/Backend/src/InternetMarket.OrderService/InternetMarket.OrderService.Application/Orders/Create/CreateOrderCommandHandler.cs", "C#", 0, 0, 0, 0, 0, 0, 0, 93, 0, 0, 7, 100
"/home/matushd/Code/GitHub/InternetMarket/Backend/src/InternetMarket.OrderService/InternetMarket.OrderService.Application/Orders/Get/GetAll/GetAllOrdersByUserIdQuery.cs", "C#", 0, 0, 0, 0, 0, 0, 0, 9, 0, 0, 1, 10
"/home/matushd/Code/GitHub/InternetMarket/Backend/src/InternetMarket.OrderService/InternetMarket.OrderService.Application/Orders/Get/GetAll/GetAllOrdersByUserIdQueryHandler.cs", "C#", 0, 0, 0, 0, 0, 0, 0, 36, 0, 0, 4, 40
"/home/matushd/Code/GitHub/InternetMarket/Backend/src/InternetMarket.OrderService/InternetMarket.OrderService.Application/Orders/Get/GetById/GetOrderByIdQuery.cs", "C#", 0, 0, 0, 0, 0, 0, 0, 9, 0, 0, 1, 10
"/home/matushd/Code/GitHub/InternetMarket/Backend/src/InternetMarket.OrderService/InternetMarket.OrderService.Application/Orders/Get/GetById/GetOrderByIdQueryHandler.cs", "C#", 0, 0, 0, 0, 0, 0, 0, 37, 0, 0, 5, 42
"/home/matushd/Code/GitHub/InternetMarket/Backend/src/InternetMarket.OrderService/InternetMarket.OrderService.Application/Orders/OrderDto.cs", "C#", 0, 0, 0, 0, 0, 0, 0, 10, 0, 0, 1, 11
"/home/matushd/Code/GitHub/InternetMarket/Backend/src/InternetMarket.OrderService/InternetMarket.OrderService.Application/Orders/OrderItemDto.cs", "C#", 0, 0, 0, 0, 0, 0, 0, 8, 0, 0, 1, 9
"/home/matushd/Code/GitHub/InternetMarket/Backend/src/InternetMarket.OrderService/InternetMarket.OrderService.Application/Orders/Update/CancelOrder/CancelOrderCommand.cs", "C#", 0, 0, 0, 0, 0, 0, 0, 9, 0, 0, 1, 10
"/home/matushd/Code/GitHub/InternetMarket/Backend/src/InternetMarket.OrderService/InternetMarket.OrderService.Application/Orders/Update/CancelOrder/CancelOrderCommandHandler.cs", "C#", 0, 0, 0, 0, 0, 0, 0, 44, 0, 0, 9, 53
"/home/matushd/Code/GitHub/InternetMarket/Backend/src/InternetMarket.OrderService/InternetMarket.OrderService.Application/Orders/Update/UpdateStatus/PayOrder/PayOrderCommand.cs", "C#", 0, 0, 0, 0, 0, 0, 0, 9, 0, 0, 1, 10
"/home/matushd/Code/GitHub/InternetMarket/Backend/src/InternetMarket.OrderService/InternetMarket.OrderService.Application/Orders/Update/UpdateStatus/PayOrder/PayOrderCommandHandler.cs", "C#", 0, 0, 0, 0, 0, 0, 0, 61, 0, 0, 7, 68
"/home/matushd/Code/GitHub/InternetMarket/Backend/src/InternetMarket.OrderService/InternetMarket.OrderService.Application/Orders/Update/UpdateStatus/ReceivedOrder/ReceivedOrderCommand.cs", "C#", 0, 0, 0, 0, 0, 0, 0, 9, 0, 0, 1, 10
"/home/matushd/Code/GitHub/InternetMarket/Backend/src/InternetMarket.OrderService/InternetMarket.OrderService.Application/Orders/Update/UpdateStatus/ReceivedOrder/ReceivedOrderCommandHandler.cs", "C#", 0, 0, 0, 0, 0, 0, 0, 31, 0, 0, 6, 37
"/home/matushd/Code/GitHub/InternetMarket/Backend/src/InternetMarket.OrderService/InternetMarket.OrderService.Application/Orders/Update/UpdateStatus/ShippedOrder/ShippedOrderCommand.cs", "C#", 0, 0, 0, 0, 0, 0, 0, 9, 0, 0, 1, 10
"/home/matushd/Code/GitHub/InternetMarket/Backend/src/InternetMarket.OrderService/InternetMarket.OrderService.Application/Orders/Update/UpdateStatus/ShippedOrder/ShippedOrderCommandHandler.cs", "C#", 0, 0, 0, 0, 0, 0, 0, 30, 0, 0, 6, 36
"/home/matushd/Code/GitHub/InternetMarket/Backend/src/InternetMarket.OrderService/InternetMarket.OrderService.Application/Users/Create/UserCreateCommand.cs", "C#", 0, 0, 0, 0, 0, 0, 0, 9, 0, 0, 1, 10
"/home/matushd/Code/GitHub/InternetMarket/Backend/src/InternetMarket.OrderService/InternetMarket.OrderService.Application/Users/Create/UserCreateCommandHandler.cs", "C#", 0, 0, 0, 0, 0, 0, 0, 32, 0, 0, 4, 36
"/home/matushd/Code/GitHub/InternetMarket/Backend/src/InternetMarket.OrderService/InternetMarket.OrderService.Domain/Entities/Order.cs", "C#", 0, 0, 0, 0, 0, 0, 0, 75, 0, 0, 5, 80
"/home/matushd/Code/GitHub/InternetMarket/Backend/src/InternetMarket.OrderService/InternetMarket.OrderService.Domain/Entities/OrderItem.cs", "C#", 0, 0, 0, 0, 0, 0, 0, 40, 0, 0, 2, 42
"/home/matushd/Code/GitHub/InternetMarket/Backend/src/InternetMarket.OrderService/InternetMarket.OrderService.Domain/Entities/User.cs", "C#", 0, 0, 0, 0, 0, 0, 0, 22, 0, 0, 1, 23
"/home/matushd/Code/GitHub/InternetMarket/Backend/src/InternetMarket.OrderService/InternetMarket.OrderService.Domain/InternetMarket.OrderService.Domain.csproj", "XML", 0, 0, 0, 0, 0, 10, 0, 0, 0, 0, 4, 14
"/home/matushd/Code/GitHub/InternetMarket/Backend/src/InternetMarket.OrderService/InternetMarket.OrderService.Domain/ValueObjects/Address.cs", "C#", 0, 0, 0, 0, 0, 0, 0, 23, 0, 0, 4, 27
"/home/matushd/Code/GitHub/InternetMarket/Backend/src/InternetMarket.OrderService/InternetMarket.OrderService.Domain/ValueObjects/Email.cs", "C#", 0, 0, 0, 0, 0, 0, 0, 26, 0, 0, 3, 29
"/home/matushd/Code/GitHub/InternetMarket/Backend/src/InternetMarket.OrderService/InternetMarket.OrderService.Domain/ValueObjects/FullName.cs", "C#", 0, 0, 0, 0, 0, 0, 0, 21, 0, 0, 3, 24
"/home/matushd/Code/GitHub/InternetMarket/Backend/src/InternetMarket.OrderService/InternetMarket.OrderService.Domain/ValueObjects/NumberPhone.cs", "C#", 0, 0, 0, 0, 0, 0, 0, 21, 0, 0, 3, 24
"/home/matushd/Code/GitHub/InternetMarket/Backend/src/InternetMarket.OrderService/InternetMarket.OrderService.Domain/ValueObjects/OrderStatus.cs", "C#", 0, 0, 0, 0, 0, 0, 0, 18, 0, 0, 2, 20
"/home/matushd/Code/GitHub/InternetMarket/Backend/src/InternetMarket.OrderService/InternetMarket.OrderService.Domain/ValueObjects/PaymentMethod.cs", "C#", 0, 0, 0, 0, 0, 0, 0, 14, 0, 0, 2, 16
"/home/matushd/Code/GitHub/InternetMarket/Backend/src/InternetMarket.OrderService/InternetMarket.OrderService.Infrastructure/Extensions/DependencyInjection.cs", "C#", 0, 0, 0, 0, 0, 0, 0, 82, 0, 0, 7, 89
"/home/matushd/Code/GitHub/InternetMarket/Backend/src/InternetMarket.OrderService/InternetMarket.OrderService.Infrastructure/Implementations/Clients/CartServiceClient.cs", "C#", 0, 0, 0, 0, 0, 0, 0, 39, 0, 0, 7, 46
"/home/matushd/Code/GitHub/InternetMarket/Backend/src/InternetMarket.OrderService/InternetMarket.OrderService.Infrastructure/Implementations/Clients/ProductServiceClient.cs", "C#", 0, 0, 0, 0, 0, 0, 0, 31, 0, 0, 5, 36
"/home/matushd/Code/GitHub/InternetMarket/Backend/src/InternetMarket.OrderService/InternetMarket.OrderService.Infrastructure/Implementations/Repositories/OrderRepository.cs", "C#", 0, 0, 0, 0, 0, 0, 0, 47, 0, 0, 7, 54
"/home/matushd/Code/GitHub/InternetMarket/Backend/src/InternetMarket.OrderService/InternetMarket.OrderService.Infrastructure/Implementations/Repositories/UserRepository.cs", "C#", 0, 0, 0, 0, 0, 0, 0, 35, 0, 0, 5, 40
"/home/matushd/Code/GitHub/InternetMarket/Backend/src/InternetMarket.OrderService/InternetMarket.OrderService.Infrastructure/Implementations/UnitOfWork/UnitOfWork.cs", "C#", 0, 0, 0, 0, 0, 0, 0, 21, 0, 0, 3, 24
"/home/matushd/Code/GitHub/InternetMarket/Backend/src/InternetMarket.OrderService/InternetMarket.OrderService.Infrastructure/InternetMarket.OrderService.Infrastructure.csproj", "XML", 0, 0, 0, 0, 0, 18, 0, 0, 0, 0, 5, 23
"/home/matushd/Code/GitHub/InternetMarket/Backend/src/InternetMarket.OrderService/InternetMarket.OrderService.Infrastructure/Migrations/20260126200024_InitialMigration.Designer.cs", "C#", 0, 0, 0, 0, 0, 0, 0, 78, 0, 2, 25, 105
"/home/matushd/Code/GitHub/InternetMarket/Backend/src/InternetMarket.OrderService/InternetMarket.OrderService.Infrastructure/Migrations/20260126200024_InitialMigration.cs", "C#", 0, 0, 0, 0, 0, 0, 0, 60, 0, 3, 7, 70
"/home/matushd/Code/GitHub/InternetMarket/Backend/src/InternetMarket.OrderService/InternetMarket.OrderService.Infrastructure/Migrations/20260320100700_ChangeOrderItemRelation.Designer.cs", "C#", 0, 0, 0, 0, 0, 0, 0, 78, 0, 2, 25, 105
"/home/matushd/Code/GitHub/InternetMarket/Backend/src/InternetMarket.OrderService/InternetMarket.OrderService.Infrastructure/Migrations/20260320100700_ChangeOrderItemRelation.cs", "C#", 0, 0, 0, 0, 0, 0, 0, 14, 0, 3, 6, 23
"/home/matushd/Code/GitHub/InternetMarket/Backend/src/InternetMarket.OrderService/InternetMarket.OrderService.Infrastructure/Migrations/20260321113033_ChangeIsNullableToFalseOnPaymentDateField.Designer.cs", "C#", 0, 0, 0, 0, 0, 0, 0, 78, 0, 2, 25, 105
"/home/matushd/Code/GitHub/InternetMarket/Backend/src/InternetMarket.OrderService/InternetMarket.OrderService.Infrastructure/Migrations/20260321113033_ChangeIsNullableToFalseOnPaymentDateField.cs", "C#", 0, 0, 0, 0, 0, 0, 0, 31, 0, 3, 4, 38
"/home/matushd/Code/GitHub/InternetMarket/Backend/src/InternetMarket.OrderService/InternetMarket.OrderService.Infrastructure/Migrations/20260324094455_ChangeNameOfFieldFromUntilPriceToUnitPrice.Designer.cs", "C#", 0, 0, 0, 0, 0, 0, 0, 81, 0, 2, 26, 109
"/home/matushd/Code/GitHub/InternetMarket/Backend/src/InternetMarket.OrderService/InternetMarket.OrderService.Infrastructure/Migrations/20260324094455_ChangeNameOfFieldFromUntilPriceToUnitPrice.cs", "C#", 0, 0, 0, 0, 0, 0, 0, 31, 0, 3, 6, 40
"/home/matushd/Code/GitHub/InternetMarket/Backend/src/InternetMarket.OrderService/InternetMarket.OrderService.Infrastructure/Migrations/20260325075924_AddTotalPriceFieldToOrderModel.Designer.cs", "C#", 0, 0, 0, 0, 0, 0, 0, 83, 0, 2, 27, 112
"/home/matushd/Code/GitHub/InternetMarket/Backend/src/InternetMarket.OrderService/InternetMarket.OrderService.Infrastructure/Migrations/20260325075924_AddTotalPriceFieldToOrderModel.cs", "C#", 0, 0, 0, 0, 0, 0, 0, 23, 0, 3, 4, 30
"/home/matushd/Code/GitHub/InternetMarket/Backend/src/InternetMarket.OrderService/InternetMarket.OrderService.Infrastructure/Migrations/20260326093939_AddConversionToStatusField.Designer.cs", "C#", 0, 0, 0, 0, 0, 0, 0, 82, 0, 2, 27, 111
"/home/matushd/Code/GitHub/InternetMarket/Backend/src/InternetMarket.OrderService/InternetMarket.OrderService.Infrastructure/Migrations/20260326093939_AddConversionToStatusField.cs", "C#", 0, 0, 0, 0, 0, 0, 0, 28, 0, 3, 4, 35
"/home/matushd/Code/GitHub/InternetMarket/Backend/src/InternetMarket.OrderService/InternetMarket.OrderService.Infrastructure/Migrations/20260408064610_AddOutOfBoxPattern.Designer.cs", "C#", 0, 0, 0, 0, 0, 0, 0, 210, 0, 2, 81, 293
"/home/matushd/Code/GitHub/InternetMarket/Backend/src/InternetMarket.OrderService/InternetMarket.OrderService.Infrastructure/Migrations/20260408064610_AddOutOfBoxPattern.cs", "C#", 0, 0, 0, 0, 0, 0, 0, 127, 0, 3, 14, 144
"/home/matushd/Code/GitHub/InternetMarket/Backend/src/InternetMarket.OrderService/InternetMarket.OrderService.Infrastructure/Migrations/20260420102402_AddUserModel.Designer.cs", "C#", 0, 0, 0, 0, 0, 0, 0, 246, 0, 2, 92, 340
"/home/matushd/Code/GitHub/InternetMarket/Backend/src/InternetMarket.OrderService/InternetMarket.OrderService.Infrastructure/Migrations/20260420102402_AddUserModel.cs", "C#", 0, 0, 0, 0, 0, 0, 0, 38, 0, 3, 6, 47
"/home/matushd/Code/GitHub/InternetMarket/Backend/src/InternetMarket.OrderService/InternetMarket.OrderService.Infrastructure/Migrations/20260420191309_AddPhoneAddressAndNameFields.Designer.cs", "C#", 0, 0, 0, 0, 0, 0, 0, 300, 0, 2, 108, 410
"/home/matushd/Code/GitHub/InternetMarket/Backend/src/InternetMarket.OrderService/InternetMarket.OrderService.Infrastructure/Migrations/20260420191309_AddPhoneAddressAndNameFields.cs", "C#", 0, 0, 0, 0, 0, 0, 0, 74, 0, 3, 14, 91
"/home/matushd/Code/GitHub/InternetMarket/Backend/src/InternetMarket.OrderService/InternetMarket.OrderService.Infrastructure/Migrations/20260501135930_RemoveZipCodeField.Designer.cs", "C#", 0, 0, 0, 0, 0, 0, 0, 295, 0, 2, 107, 404
"/home/matushd/Code/GitHub/InternetMarket/Backend/src/InternetMarket.OrderService/InternetMarket.OrderService.Infrastructure/Migrations/20260501135930_RemoveZipCodeField.cs", "C#", 0, 0, 0, 0, 0, 0, 0, 24, 0, 3, 4, 31
"/home/matushd/Code/GitHub/InternetMarket/Backend/src/InternetMarket.OrderService/InternetMarket.OrderService.Infrastructure/Migrations/20260526170952_RemoveAddressAndCityFields.Designer.cs", "C#", 0, 0, 0, 0, 0, 0, 0, 284, 0, 2, 105, 391
"/home/matushd/Code/GitHub/InternetMarket/Backend/src/InternetMarket.OrderService/InternetMarket.OrderService.Infrastructure/Migrations/20260526170952_RemoveAddressAndCityFields.cs", "C#", 0, 0, 0, 0, 0, 0, 0, 79, 0, 3, 16, 98
"/home/matushd/Code/GitHub/InternetMarket/Backend/src/InternetMarket.OrderService/InternetMarket.OrderService.Infrastructure/Migrations/OrderContextModelSnapshot.cs", "C#", 0, 0, 0, 0, 0, 0, 0, 282, 0, 1, 105, 388
"/home/matushd/Code/GitHub/InternetMarket/Backend/src/InternetMarket.OrderService/InternetMarket.OrderService.Infrastructure/Persistence/Configurations/OrderConfiguration.cs", "C#", 0, 0, 0, 0, 0, 0, 0, 57, 0, 0, 1, 58
"/home/matushd/Code/GitHub/InternetMarket/Backend/src/InternetMarket.OrderService/InternetMarket.OrderService.Infrastructure/Persistence/Configurations/OrderItemConfiguration.cs", "C#", 0, 0, 0, 0, 0, 0, 0, 39, 0, 0, 1, 40
"/home/matushd/Code/GitHub/InternetMarket/Backend/src/InternetMarket.OrderService/InternetMarket.OrderService.Infrastructure/Persistence/Configurations/UserConfiguration.cs", "C#", 0, 0, 0, 0, 0, 0, 0, 37, 0, 0, 1, 38
"/home/matushd/Code/GitHub/InternetMarket/Backend/src/InternetMarket.OrderService/InternetMarket.OrderService.Infrastructure/Persistence/OrderContext.cs", "C#", 0, 0, 0, 0, 0, 0, 0, 28, 0, 0, 4, 32
"/home/matushd/Code/GitHub/InternetMarket/Backend/src/InternetMarket.PaymentService/InternetMarket.PaymentService.API/Controllers/PaymentsController.cs", "C#", 0, 0, 0, 0, 0, 0, 0, 48, 0, 0, 6, 54
"/home/matushd/Code/GitHub/InternetMarket/Backend/src/InternetMarket.PaymentService/InternetMarket.PaymentService.API/InternetMarket.PaymentService.API.csproj", "XML", 0, 0, 0, 0, 0, 17, 0, 0, 0, 0, 5, 22
"/home/matushd/Code/GitHub/InternetMarket/Backend/src/InternetMarket.PaymentService/InternetMarket.PaymentService.API/Program.cs", "C#", 0, 0, 0, 0, 0, 0, 0, 26, 0, 0, 6, 32
"/home/matushd/Code/GitHub/InternetMarket/Backend/src/InternetMarket.PaymentService/InternetMarket.PaymentService.API/Properties/launchSettings.json", "JSON", 0, 0, 0, 0, 0, 0, 23, 0, 0, 0, 1, 24
"/home/matushd/Code/GitHub/InternetMarket/Backend/src/InternetMarket.PaymentService/InternetMarket.PaymentService.API/appsettings.json", "JSON", 0, 0, 0, 0, 0, 0, 9, 0, 0, 0, 1, 10
"/home/matushd/Code/GitHub/InternetMarket/Backend/src/InternetMarket.PaymentService/InternetMarket.PaymentService.Application/Abstractions/Clients/IOrderServiceClient.cs", "C#", 0, 0, 0, 0, 0, 0, 0, 12, 0, 0, 1, 13
"/home/matushd/Code/GitHub/InternetMarket/Backend/src/InternetMarket.PaymentService/InternetMarket.PaymentService.Application/Abstractions/PaymentGateway/IPaymentGateway.cs", "C#", 0, 0, 0, 0, 0, 0, 0, 14, 0, 0, 1, 15
"/home/matushd/Code/GitHub/InternetMarket/Backend/src/InternetMarket.PaymentService/InternetMarket.PaymentService.Application/Abstractions/Repositories/IPaymentMethodRepository.cs", "C#", 0, 0, 0, 0, 0, 0, 0, 15, 0, 0, 1, 16
"/home/matushd/Code/GitHub/InternetMarket/Backend/src/InternetMarket.PaymentService/InternetMarket.PaymentService.Application/Abstractions/Repositories/ITransactionRepository.cs", "C#", 0, 0, 0, 0, 0, 0, 0, 16, 0, 0, 1, 17
"/home/matushd/Code/GitHub/InternetMarket/Backend/src/InternetMarket.PaymentService/InternetMarket.PaymentService.Application/Abstractions/UnitOfWork/IUnitOfWork.cs", "C#", 0, 0, 0, 0, 0, 0, 0, 13, 0, 0, 1, 14
"/home/matushd/Code/GitHub/InternetMarket/Backend/src/InternetMarket.PaymentService/InternetMarket.PaymentService.Application/DTOs/Orders/OrderDto.cs", "C#", 0, 0, 0, 0, 0, 0, 0, 10, 0, 0, 1, 11
"/home/matushd/Code/GitHub/InternetMarket/Backend/src/InternetMarket.PaymentService/InternetMarket.PaymentService.Application/DTOs/Orders/OrderItemDto.cs", "C#", 0, 0, 0, 0, 0, 0, 0, 9, 0, 0, 1, 10
"/home/matushd/Code/GitHub/InternetMarket/Backend/src/InternetMarket.PaymentService/InternetMarket.PaymentService.Application/DTOs/PaymentGateway/Response/Notification/BePaidTransaction.cs", "C#", 0, 0, 0, 0, 0, 0, 0, 17, 0, 0, 1, 18
"/home/matushd/Code/GitHub/InternetMarket/Backend/src/InternetMarket.PaymentService/InternetMarket.PaymentService.Application/DTOs/PaymentGateway/Response/Notification/BePaidWebhookDto.cs", "C#", 0, 0, 0, 0, 0, 0, 0, 14, 0, 0, 1, 15
"/home/matushd/Code/GitHub/InternetMarket/Backend/src/InternetMarket.PaymentService/InternetMarket.PaymentService.Application/DTOs/PaymentGateway/Response/PaymentData.cs", "C#", 0, 0, 0, 0, 0, 0, 0, 13, 0, 0, 1, 14
"/home/matushd/Code/GitHub/InternetMarket/Backend/src/InternetMarket.PaymentService/InternetMarket.PaymentService.Application/Extensions/DependencyInjection.cs", "C#", 0, 0, 0, 0, 0, 0, 0, 16, 0, 0, 2, 18
"/home/matushd/Code/GitHub/InternetMarket/Backend/src/InternetMarket.PaymentService/InternetMarket.PaymentService.Application/InternetMarket.PaymentService.Application.csproj", "XML", 0, 0, 0, 0, 0, 15, 0, 0, 0, 0, 5, 20
"/home/matushd/Code/GitHub/InternetMarket/Backend/src/InternetMarket.PaymentService/InternetMarket.PaymentService.Application/PaymentMethods/Get/GetPaymentMethodsQuery.cs", "C#", 0, 0, 0, 0, 0, 0, 0, 9, 0, 0, 1, 10
"/home/matushd/Code/GitHub/InternetMarket/Backend/src/InternetMarket.PaymentService/InternetMarket.PaymentService.Application/PaymentMethods/Get/GetPaymentMethodsQueryHandler.cs", "C#", 0, 0, 0, 0, 0, 0, 0, 22, 0, 0, 4, 26
"/home/matushd/Code/GitHub/InternetMarket/Backend/src/InternetMarket.PaymentService/InternetMarket.PaymentService.Application/PaymentMethods/PaymentMethodDto.cs", "C#", 0, 0, 0, 0, 0, 0, 0, 8, 0, 0, 1, 9
"/home/matushd/Code/GitHub/InternetMarket/Backend/src/InternetMarket.PaymentService/InternetMarket.PaymentService.Application/Transactions/Create/CreateTransactionCommand.cs", "C#", 0, 0, 0, 0, 0, 0, 0, 9, 0, 0, 1, 10
"/home/matushd/Code/GitHub/InternetMarket/Backend/src/InternetMarket.PaymentService/InternetMarket.PaymentService.Application/Transactions/Create/CreateTransactionCommandHandler.cs", "C#", 0, 0, 0, 0, 0, 0, 0, 38, 0, 0, 7, 45
"/home/matushd/Code/GitHub/InternetMarket/Backend/src/InternetMarket.PaymentService/InternetMarket.PaymentService.Application/Transactions/Update/UpdateTransactionStatusCommand.cs", "C#", 0, 0, 0, 0, 0, 0, 0, 9, 0, 0, 1, 10
"/home/matushd/Code/GitHub/InternetMarket/Backend/src/InternetMarket.PaymentService/InternetMarket.PaymentService.Application/Transactions/Update/UpdateTransactionStatusCommandHandler.cs", "C#", 0, 0, 0, 0, 0, 0, 0, 36, 0, 0, 7, 43
"/home/matushd/Code/GitHub/InternetMarket/Backend/src/InternetMarket.PaymentService/InternetMarket.PaymentService.Domain/Entities/PaymentMethod.cs", "C#", 0, 0, 0, 0, 0, 0, 0, 21, 0, 0, 2, 23
"/home/matushd/Code/GitHub/InternetMarket/Backend/src/InternetMarket.PaymentService/InternetMarket.PaymentService.Domain/Entities/Transaction.cs", "C#", 0, 0, 0, 0, 0, 0, 0, 38, 0, 0, 3, 41
"/home/matushd/Code/GitHub/InternetMarket/Backend/src/InternetMarket.PaymentService/InternetMarket.PaymentService.Domain/InternetMarket.PaymentService.Domain.csproj", "XML", 0, 0, 0, 0, 0, 10, 0, 0, 0, 0, 4, 14
"/home/matushd/Code/GitHub/InternetMarket/Backend/src/InternetMarket.PaymentService/InternetMarket.PaymentService.Domain/ValueObjects/PaymentConstants.cs", "C#", 0, 0, 0, 0, 0, 0, 0, 12, 0, 0, 1, 13
"/home/matushd/Code/GitHub/InternetMarket/Backend/src/InternetMarket.PaymentService/InternetMarket.PaymentService.Domain/ValueObjects/Status.cs", "C#", 0, 0, 0, 0, 0, 0, 0, 15, 0, 0, 2, 17
"/home/matushd/Code/GitHub/InternetMarket/Backend/src/InternetMarket.PaymentService/InternetMarket.PaymentService.Infrastructure/Extensions/DependencyInjection.cs", "C#", 0, 0, 0, 0, 0, 0, 0, 63, 0, 0, 7, 70
"/home/matushd/Code/GitHub/InternetMarket/Backend/src/InternetMarket.PaymentService/InternetMarket.PaymentService.Infrastructure/Implementations/Clients/OrderServiceClient.cs", "C#", 0, 0, 0, 0, 0, 0, 0, 31, 0, 0, 7, 38
"/home/matushd/Code/GitHub/InternetMarket/Backend/src/InternetMarket.PaymentService/InternetMarket.PaymentService.Infrastructure/Implementations/ExternalServices/BePaid/BePaidClient.cs", "C#", 0, 0, 0, 0, 0, 0, 0, 105, 0, 0, 6, 111
"/home/matushd/Code/GitHub/InternetMarket/Backend/src/InternetMarket.PaymentService/InternetMarket.PaymentService.Infrastructure/Implementations/ExternalServices/BePaid/DTOs/Request/AdditionalData.cs", "C#", 0, 0, 0, 0, 0, 0, 0, 14, 0, 0, 1, 15
"/home/matushd/Code/GitHub/InternetMarket/Backend/src/InternetMarket.PaymentService/InternetMarket.PaymentService.Infrastructure/Implementations/ExternalServices/BePaid/DTOs/Request/BePaidCheckoutRequest.cs", "C#", 0, 0, 0, 0, 0, 0, 0, 13, 0, 0, 1, 14
"/home/matushd/Code/GitHub/InternetMarket/Backend/src/InternetMarket.PaymentService/InternetMarket.PaymentService.Infrastructure/Implementations/ExternalServices/BePaid/DTOs/Request/Cart.cs", "C#", 0, 0, 0, 0, 0, 0, 0, 11, 0, 0, 1, 12
"/home/matushd/Code/GitHub/InternetMarket/Backend/src/InternetMarket.PaymentService/InternetMarket.PaymentService.Infrastructure/Implementations/ExternalServices/BePaid/DTOs/Request/CartItem.cs", "C#", 0, 0, 0, 0, 0, 0, 0, 21, 0, 0, 1, 22
"/home/matushd/Code/GitHub/InternetMarket/Backend/src/InternetMarket.PaymentService/InternetMarket.PaymentService.Infrastructure/Implementations/ExternalServices/BePaid/DTOs/Request/CheckoutDetails.cs", "C#", 0, 0, 0, 0, 0, 0, 0, 23, 0, 0, 1, 24
"/home/matushd/Code/GitHub/InternetMarket/Backend/src/InternetMarket.PaymentService/InternetMarket.PaymentService.Infrastructure/Implementations/ExternalServices/BePaid/DTOs/Request/Customer.cs", "C#", 0, 0, 0, 0, 0, 0, 0, 21, 0, 0, 1, 22
"/home/matushd/Code/GitHub/InternetMarket/Backend/src/InternetMarket.PaymentService/InternetMarket.PaymentService.Infrastructure/Implementations/ExternalServices/BePaid/DTOs/Request/CustomerFields.cs", "C#", 0, 0, 0, 0, 0, 0, 0, 13, 0, 0, 1, 14
"/home/matushd/Code/GitHub/InternetMarket/Backend/src/InternetMarket.PaymentService/InternetMarket.PaymentService.Infrastructure/Implementations/ExternalServices/BePaid/DTOs/Request/OrderDetails.cs", "C#", 0, 0, 0, 0, 0, 0, 0, 22, 0, 0, 1, 23
"/home/matushd/Code/GitHub/InternetMarket/Backend/src/InternetMarket.PaymentService/InternetMarket.PaymentService.Infrastructure/Implementations/ExternalServices/BePaid/DTOs/Request/PaymentType.cs", "C#", 0, 0, 0, 0, 0, 0, 0, 13, 0, 0, 1, 14
"/home/matushd/Code/GitHub/InternetMarket/Backend/src/InternetMarket.PaymentService/InternetMarket.PaymentService.Infrastructure/Implementations/ExternalServices/BePaid/DTOs/Request/Settings.cs", "C#", 0, 0, 0, 0, 0, 0, 0, 35, 0, 0, 1, 36
"/home/matushd/Code/GitHub/InternetMarket/Backend/src/InternetMarket.PaymentService/InternetMarket.PaymentService.Infrastructure/Implementations/ExternalServices/BePaid/DTOs/Response/BePaidResponse.cs", "C#", 0, 0, 0, 0, 0, 0, 0, 13, 0, 0, 1, 14
"/home/matushd/Code/GitHub/InternetMarket/Backend/src/InternetMarket.PaymentService/InternetMarket.PaymentService.Infrastructure/Implementations/ExternalServices/BePaid/DTOs/Response/Checkout.cs", "C#", 0, 0, 0, 0, 0, 0, 0, 15, 0, 0, 1, 16
"/home/matushd/Code/GitHub/InternetMarket/Backend/src/InternetMarket.PaymentService/InternetMarket.PaymentService.Infrastructure/Implementations/Repositories/PaymentMethodRepository.cs", "C#", 0, 0, 0, 0, 0, 0, 0, 36, 0, 0, 6, 42
"/home/matushd/Code/GitHub/InternetMarket/Backend/src/InternetMarket.PaymentService/InternetMarket.PaymentService.Infrastructure/Implementations/Repositories/TransactionRepository.cs", "C#", 0, 0, 0, 0, 0, 0, 0, 47, 0, 0, 4, 51
"/home/matushd/Code/GitHub/InternetMarket/Backend/src/InternetMarket.PaymentService/InternetMarket.PaymentService.Infrastructure/Implementations/UnitOfWork/UnitOfWork.cs", "C#", 0, 0, 0, 0, 0, 0, 0, 26, 0, 0, 3, 29
"/home/matushd/Code/GitHub/InternetMarket/Backend/src/InternetMarket.PaymentService/InternetMarket.PaymentService.Infrastructure/InternetMarket.PaymentService.Infrastructure.csproj", "XML", 0, 0, 0, 0, 0, 20, 0, 0, 0, 0, 5, 25
"/home/matushd/Code/GitHub/InternetMarket/Backend/src/InternetMarket.PaymentService/InternetMarket.PaymentService.Infrastructure/Migrations/20260417080257_InitialMigration.Designer.cs", "C#", 0, 0, 0, 0, 0, 0, 0, 69, 0, 2, 20, 91
"/home/matushd/Code/GitHub/InternetMarket/Backend/src/InternetMarket.PaymentService/InternetMarket.PaymentService.Infrastructure/Migrations/20260417080257_InitialMigration.cs", "C#", 0, 0, 0, 0, 0, 0, 0, 56, 0, 3, 7, 66
"/home/matushd/Code/GitHub/InternetMarket/Backend/src/InternetMarket.PaymentService/InternetMarket.PaymentService.Infrastructure/Migrations/20260419071748_AddSeedData.Designer.cs", "C#", 0, 0, 0, 0, 0, 0, 0, 84, 0, 2, 21, 107
"/home/matushd/Code/GitHub/InternetMarket/Backend/src/InternetMarket.PaymentService/InternetMarket.PaymentService.Infrastructure/Migrations/20260419071748_AddSeedData.cs", "C#", 0, 0, 0, 0, 0, 0, 0, 32, 0, 3, 6, 41
"/home/matushd/Code/GitHub/InternetMarket/Backend/src/InternetMarket.PaymentService/InternetMarket.PaymentService.Infrastructure/Migrations/20260420192642_AddTokenOrderIdCreatedAtAndUpdatedAtFields.Designer.cs", "C#", 0, 0, 0, 0, 0, 0, 0, 91, 0, 2, 24, 117
"/home/matushd/Code/GitHub/InternetMarket/Backend/src/InternetMarket.PaymentService/InternetMarket.PaymentService.Infrastructure/Migrations/20260420192642_AddTokenOrderIdCreatedAtAndUpdatedAtFields.cs", "C#", 0, 0, 0, 0, 0, 0, 0, 42, 0, 3, 8, 53
"/home/matushd/Code/GitHub/InternetMarket/Backend/src/InternetMarket.PaymentService/InternetMarket.PaymentService.Infrastructure/Migrations/20260424072135_ChangeNameOfFieldToPaymentDate.Designer.cs", "C#", 0, 0, 0, 0, 0, 0, 0, 91, 0, 2, 24, 117
"/home/matushd/Code/GitHub/InternetMarket/Backend/src/InternetMarket.PaymentService/InternetMarket.PaymentService.Infrastructure/Migrations/20260424072135_ChangeNameOfFieldToPaymentDate.cs", "C#", 0, 0, 0, 0, 0, 0, 0, 22, 0, 3, 4, 29
"/home/matushd/Code/GitHub/InternetMarket/Backend/src/InternetMarket.PaymentService/InternetMarket.PaymentService.Infrastructure/Migrations/20260424080330_AddIndboxAndOutBoxTables.Designer.cs", "C#", 0, 0, 0, 0, 0, 0, 0, 219, 0, 2, 78, 299
"/home/matushd/Code/GitHub/InternetMarket/Backend/src/InternetMarket.PaymentService/InternetMarket.PaymentService.Infrastructure/Migrations/20260424080330_AddIndboxAndOutBoxTables.cs", "C#", 0, 0, 0, 0, 0, 0, 0, 127, 0, 3, 14, 144
"/home/matushd/Code/GitHub/InternetMarket/Backend/src/InternetMarket.PaymentService/InternetMarket.PaymentService.Infrastructure/Migrations/PaymentContextModelSnapshot.cs", "C#", 0, 0, 0, 0, 0, 0, 0, 217, 0, 1, 78, 296
"/home/matushd/Code/GitHub/InternetMarket/Backend/src/InternetMarket.PaymentService/InternetMarket.PaymentService.Infrastructure/Persistence/Configurations/PaymentMethodConfiguration.cs", "C#", 0, 0, 0, 0, 0, 0, 0, 45, 0, 0, 2, 47
"/home/matushd/Code/GitHub/InternetMarket/Backend/src/InternetMarket.PaymentService/InternetMarket.PaymentService.Infrastructure/Persistence/Configurations/TransactionConfiguration.cs", "C#", 0, 0, 0, 0, 0, 0, 0, 37, 0, 0, 1, 38
"/home/matushd/Code/GitHub/InternetMarket/Backend/src/InternetMarket.PaymentService/InternetMarket.PaymentService.Infrastructure/Persistence/DB/PaymentContext.cs", "C#", 0, 0, 0, 0, 0, 0, 0, 24, 0, 0, 3, 27
"/home/matushd/Code/GitHub/InternetMarket/Backend/src/InternetMarket.PaymentService/InternetMarket.PaymentService.Infrastructure/Persistence/DB/PaymentContextFactory.cs", "C#", 0, 0, 0, 0, 0, 0, 0, 26, 0, 0, 4, 30
"/home/matushd/Code/GitHub/InternetMarket/Backend/src/InternetMarket.ProductService/InternetMarket.ProductService.API/Controllers/ProductsController.cs", "C#", 0, 0, 0, 0, 0, 0, 0, 71, 0, 0, 8, 79
"/home/matushd/Code/GitHub/InternetMarket/Backend/src/InternetMarket.ProductService/InternetMarket.ProductService.API/DTOs/Requests/GetByIdsRequest.cs", "C#", 0, 0, 0, 0, 0, 0, 0, 8, 0, 0, 1, 9
"/home/matushd/Code/GitHub/InternetMarket/Backend/src/InternetMarket.ProductService/InternetMarket.ProductService.API/DTOs/Requests/ReserveRequest.cs", "C#", 0, 0, 0, 0, 0, 0, 0, 8, 0, 0, 1, 9
"/home/matushd/Code/GitHub/InternetMarket/Backend/src/InternetMarket.ProductService/InternetMarket.ProductService.API/InternetMarket.ProductService.API.csproj", "XML", 0, 0, 0, 0, 0, 18, 0, 0, 0, 0, 5, 23
"/home/matushd/Code/GitHub/InternetMarket/Backend/src/InternetMarket.ProductService/InternetMarket.ProductService.API/Program.cs", "C#", 0, 0, 0, 0, 0, 0, 0, 26, 0, 0, 6, 32
"/home/matushd/Code/GitHub/InternetMarket/Backend/src/InternetMarket.ProductService/InternetMarket.ProductService.API/Properties/launchSettings.json", "JSON", 0, 0, 0, 0, 0, 0, 23, 0, 0, 0, 1, 24
"/home/matushd/Code/GitHub/InternetMarket/Backend/src/InternetMarket.ProductService/InternetMarket.ProductService.API/appsettings.json", "JSON", 0, 0, 0, 0, 0, 0, 9, 0, 0, 0, 1, 10
"/home/matushd/Code/GitHub/InternetMarket/Backend/src/InternetMarket.ProductService/InternetMarket.ProductService.Application/Abstractions/Repositories/ICategoryRepository.cs", "C#", 0, 0, 0, 0, 0, 0, 0, 15, 0, 0, 1, 16
"/home/matushd/Code/GitHub/InternetMarket/Backend/src/InternetMarket.ProductService/InternetMarket.ProductService.Application/Abstractions/Repositories/IProductRepository.cs", "C#", 0, 0, 0, 0, 0, 0, 0, 18, 0, 0, 1, 19
"/home/matushd/Code/GitHub/InternetMarket/Backend/src/InternetMarket.ProductService/InternetMarket.ProductService.Application/Abstractions/Repositories/IProviderRepository.cs", "C#", 0, 0, 0, 0, 0, 0, 0, 16, 0, 0, 1, 17
"/home/matushd/Code/GitHub/InternetMarket/Backend/src/InternetMarket.ProductService/InternetMarket.ProductService.Application/Extensions/DependencyInjection.cs", "C#", 0, 0, 0, 0, 0, 0, 0, 16, 0, 0, 2, 18
"/home/matushd/Code/GitHub/InternetMarket/Backend/src/InternetMarket.ProductService/InternetMarket.ProductService.Application/InternetMarket.ProductService.Application.csproj", "XML", 0, 0, 0, 0, 0, 13, 0, 0, 0, 0, 5, 18
"/home/matushd/Code/GitHub/InternetMarket/Backend/src/InternetMarket.ProductService/InternetMarket.ProductService.Application/Products/Get/GetAll/GetAllProductsQuery.cs", "C#", 0, 0, 0, 0, 0, 0, 0, 9, 0, 0, 1, 10
"/home/matushd/Code/GitHub/InternetMarket/Backend/src/InternetMarket.ProductService/InternetMarket.ProductService.Application/Products/Get/GetAll/GetAllProductsQueryHandler.cs", "C#", 0, 0, 0, 0, 0, 0, 0, 36, 0, 0, 4, 40
"/home/matushd/Code/GitHub/InternetMarket/Backend/src/InternetMarket.ProductService/InternetMarket.ProductService.Application/Products/Get/GetById/GetProductByIdQuery.cs", "C#", 0, 0, 0, 0, 0, 0, 0, 9, 0, 0, 1, 10
"/home/matushd/Code/GitHub/InternetMarket/Backend/src/InternetMarket.ProductService/InternetMarket.ProductService.Application/Products/Get/GetById/GetProductByIdQueryHandler.cs", "C#", 0, 0, 0, 0, 0, 0, 0, 36, 0, 0, 5, 41
"/home/matushd/Code/GitHub/InternetMarket/Backend/src/InternetMarket.ProductService/InternetMarket.ProductService.Application/Products/Get/GetByIds/GetProductsByIdsQuery.cs", "C#", 0, 0, 0, 0, 0, 0, 0, 9, 0, 0, 1, 10
"/home/matushd/Code/GitHub/InternetMarket/Backend/src/InternetMarket.ProductService/InternetMarket.ProductService.Application/Products/Get/GetByIds/GetProductsByIdsQueryHandler.cs", "C#", 0, 0, 0, 0, 0, 0, 0, 35, 0, 0, 4, 39
"/home/matushd/Code/GitHub/InternetMarket/Backend/src/InternetMarket.ProductService/InternetMarket.ProductService.Application/Products/ProductDto.cs", "C#", 0, 0, 0, 0, 0, 0, 0, 12, 0, 0, 1, 13
"/home/matushd/Code/GitHub/InternetMarket/Backend/src/InternetMarket.ProductService/InternetMarket.ProductService.Application/Products/Update/CancelReservation/CancelReservationCommanHandler.cs", "C#", 0, 0, 0, 0, 0, 0, 0, 30, 0, 0, 4, 34
"/home/matushd/Code/GitHub/InternetMarket/Backend/src/InternetMarket.ProductService/InternetMarket.ProductService.Application/Products/Update/CancelReservation/CancelReservationCommand.cs", "C#", 0, 0, 0, 0, 0, 0, 0, 9, 0, 0, 1, 10
"/home/matushd/Code/GitHub/InternetMarket/Backend/src/InternetMarket.ProductService/InternetMarket.ProductService.Application/Products/Update/ConfirmShipment/ConfirmShipmentCommand.cs", "C#", 0, 0, 0, 0, 0, 0, 0, 9, 0, 0, 1, 10
"/home/matushd/Code/GitHub/InternetMarket/Backend/src/InternetMarket.ProductService/InternetMarket.ProductService.Application/Products/Update/ConfirmShipment/ConfirmShipmentCommandHandler.cs", "C#", 0, 0, 0, 0, 0, 0, 0, 31, 0, 0, 4, 35
"/home/matushd/Code/GitHub/InternetMarket/Backend/src/InternetMarket.ProductService/InternetMarket.ProductService.Application/Products/Update/Reserve/ReserveProductCommand.cs", "C#", 0, 0, 0, 0, 0, 0, 0, 9, 0, 0, 1, 10
"/home/matushd/Code/GitHub/InternetMarket/Backend/src/InternetMarket.ProductService/InternetMarket.ProductService.Application/Products/Update/Reserve/ReserveProductCommandHandler.cs", "C#", 0, 0, 0, 0, 0, 0, 0, 30, 0, 0, 4, 34
"/home/matushd/Code/GitHub/InternetMarket/Backend/src/InternetMarket.ProductService/InternetMarket.ProductService.Domain/Entities/Category.cs", "C#", 0, 0, 0, 0, 0, 0, 0, 18, 0, 0, 2, 20
"/home/matushd/Code/GitHub/InternetMarket/Backend/src/InternetMarket.ProductService/InternetMarket.ProductService.Domain/Entities/Product.cs", "C#", 0, 0, 0, 0, 0, 0, 0, 64, 0, 0, 5, 69
"/home/matushd/Code/GitHub/InternetMarket/Backend/src/InternetMarket.ProductService/InternetMarket.ProductService.Domain/Entities/Provider.cs", "C#", 0, 0, 0, 0, 0, 0, 0, 26, 0, 0, 3, 29
"/home/matushd/Code/GitHub/InternetMarket/Backend/src/InternetMarket.ProductService/InternetMarket.ProductService.Domain/InternetMarket.ProductService.Domain.csproj", "XML", 0, 0, 0, 0, 0, 7, 0, 0, 0, 0, 3, 10
"/home/matushd/Code/GitHub/InternetMarket/Backend/src/InternetMarket.ProductService/InternetMarket.ProductService.Domain/ValueObjects/Category/CategoryName.cs", "C#", 0, 0, 0, 0, 0, 0, 0, 19, 0, 0, 3, 22
"/home/matushd/Code/GitHub/InternetMarket/Backend/src/InternetMarket.ProductService/InternetMarket.ProductService.Domain/ValueObjects/Product/Description.cs", "C#", 0, 0, 0, 0, 0, 0, 0, 18, 0, 0, 3, 21
"/home/matushd/Code/GitHub/InternetMarket/Backend/src/InternetMarket.ProductService/InternetMarket.ProductService.Domain/ValueObjects/Product/Height.cs", "C#", 0, 0, 0, 0, 0, 0, 0, 18, 0, 0, 4, 22
"/home/matushd/Code/GitHub/InternetMarket/Backend/src/InternetMarket.ProductService/InternetMarket.ProductService.Domain/ValueObjects/Product/Length.cs", "C#", 0, 0, 0, 0, 0, 0, 0, 18, 0, 0, 4, 22
"/home/matushd/Code/GitHub/InternetMarket/Backend/src/InternetMarket.ProductService/InternetMarket.ProductService.Domain/ValueObjects/Product/Price.cs", "C#", 0, 0, 0, 0, 0, 0, 0, 18, 0, 0, 3, 21
"/home/matushd/Code/GitHub/InternetMarket/Backend/src/InternetMarket.ProductService/InternetMarket.ProductService.Domain/ValueObjects/Product/ProductName.cs", "C#", 0, 0, 0, 0, 0, 0, 0, 18, 0, 0, 3, 21
"/home/matushd/Code/GitHub/InternetMarket/Backend/src/InternetMarket.ProductService/InternetMarket.ProductService.Domain/ValueObjects/Product/Quantity.cs", "C#", 0, 0, 0, 0, 0, 0, 0, 21, 0, 0, 4, 25
"/home/matushd/Code/GitHub/InternetMarket/Backend/src/InternetMarket.ProductService/InternetMarket.ProductService.Domain/ValueObjects/Product/Weight.cs", "C#", 0, 0, 0, 0, 0, 0, 0, 18, 0, 0, 4, 22
"/home/matushd/Code/GitHub/InternetMarket/Backend/src/InternetMarket.ProductService/InternetMarket.ProductService.Domain/ValueObjects/Product/Width.cs", "C#", 0, 0, 0, 0, 0, 0, 0, 18, 0, 0, 4, 22
"/home/matushd/Code/GitHub/InternetMarket/Backend/src/InternetMarket.ProductService/InternetMarket.ProductService.Domain/ValueObjects/Provider/Address.cs", "C#", 0, 0, 0, 0, 0, 0, 0, 23, 0, 0, 4, 27
"/home/matushd/Code/GitHub/InternetMarket/Backend/src/InternetMarket.ProductService/InternetMarket.ProductService.Domain/ValueObjects/Provider/Email.cs", "C#", 0, 0, 0, 0, 0, 0, 0, 20, 0, 0, 3, 23
"/home/matushd/Code/GitHub/InternetMarket/Backend/src/InternetMarket.ProductService/InternetMarket.ProductService.Domain/ValueObjects/Provider/NumberPhone.cs", "C#", 0, 0, 0, 0, 0, 0, 0, 21, 0, 0, 3, 24
"/home/matushd/Code/GitHub/InternetMarket/Backend/src/InternetMarket.ProductService/InternetMarket.ProductService.Domain/ValueObjects/Provider/ProviderName.cs", "C#", 0, 0, 0, 0, 0, 0, 0, 19, 0, 0, 3, 22
"/home/matushd/Code/GitHub/InternetMarket/Backend/src/InternetMarket.ProductService/InternetMarket.ProductService.Infrastructure/Extensions/DependencyInjection.cs", "C#", 0, 0, 0, 0, 0, 0, 0, 28, 0, 0, 3, 31
"/home/matushd/Code/GitHub/InternetMarket/Backend/src/InternetMarket.ProductService/InternetMarket.ProductService.Infrastructure/Implementations/Repositories/CategoryRepository.cs", "C#", 0, 0, 0, 0, 0, 0, 0, 39, 0, 0, 6, 45
"/home/matushd/Code/GitHub/InternetMarket/Backend/src/InternetMarket.ProductService/InternetMarket.ProductService.Infrastructure/Implementations/Repositories/ProductRepository.cs", "C#", 0, 0, 0, 0, 0, 0, 0, 64, 0, 0, 8, 72
"/home/matushd/Code/GitHub/InternetMarket/Backend/src/InternetMarket.ProductService/InternetMarket.ProductService.Infrastructure/Implementations/Repositories/ProviderRepository.cs", "C#", 0, 0, 0, 0, 0, 0, 0, 47, 0, 0, 8, 55
"/home/matushd/Code/GitHub/InternetMarket/Backend/src/InternetMarket.ProductService/InternetMarket.ProductService.Infrastructure/InternetMarket.ProductService.Infrastructure.csproj", "XML", 0, 0, 0, 0, 0, 16, 0, 0, 0, 0, 5, 21
"/home/matushd/Code/GitHub/InternetMarket/Backend/src/InternetMarket.ProductService/InternetMarket.ProductService.Infrastructure/Migrations/20260126072407_InitialMigration.Designer.cs", "C#", 0, 0, 0, 0, 0, 0, 0, 102, 0, 2, 30, 134
"/home/matushd/Code/GitHub/InternetMarket/Backend/src/InternetMarket.ProductService/InternetMarket.ProductService.Infrastructure/Migrations/20260126072407_InitialMigration.cs", "C#", 0, 0, 0, 0, 0, 0, 0, 82, 0, 3, 10, 95
"/home/matushd/Code/GitHub/InternetMarket/Backend/src/InternetMarket.ProductService/InternetMarket.ProductService.Infrastructure/Migrations/20260331191116_ChangeNamesOfFieldsFromTitleToProductNameAndTitleToCategoryName.Designer.cs", "C#", 0, 0, 0, 0, 0, 0, 0, 102, 0, 2, 30, 134
"/home/matushd/Code/GitHub/InternetMarket/Backend/src/InternetMarket.ProductService/InternetMarket.ProductService.Infrastructure/Migrations/20260331191116_ChangeNamesOfFieldsFromTitleToProductNameAndTitleToCategoryName.cs", "C#", 0, 0, 0, 0, 0, 0, 0, 30, 0, 3, 6, 39
"/home/matushd/Code/GitHub/InternetMarket/Backend/src/InternetMarket.ProductService/InternetMarket.ProductService.Infrastructure/Migrations/20260401170244_AddConversionsForProductNameDescriptionQuantityPriceVO.Designer.cs", "C#", 0, 0, 0, 0, 0, 0, 0, 102, 0, 2, 30, 134
"/home/matushd/Code/GitHub/InternetMarket/Backend/src/InternetMarket.ProductService/InternetMarket.ProductService.Infrastructure/Migrations/20260401170244_AddConversionsForProductNameDescriptionQuantityPriceVO.cs", "C#", 0, 0, 0, 0, 0, 0, 0, 14, 0, 3, 6, 23
"/home/matushd/Code/GitHub/InternetMarket/Backend/src/InternetMarket.ProductService/InternetMarket.ProductService.Infrastructure/Migrations/20260403090602_AddConversionToAddressField.Designer.cs", "C#", 0, 0, 0, 0, 0, 0, 0, 112, 0, 2, 33, 147
"/home/matushd/Code/GitHub/InternetMarket/Backend/src/InternetMarket.ProductService/InternetMarket.ProductService.Infrastructure/Migrations/20260403090602_AddConversionToAddressField.cs", "C#", 0, 0, 0, 0, 0, 0, 0, 51, 0, 3, 10, 64
"/home/matushd/Code/GitHub/InternetMarket/Backend/src/InternetMarket.ProductService/InternetMarket.ProductService.Infrastructure/Migrations/20260409061353_AddConversionForCategoryName.Designer.cs", "C#", 0, 0, 0, 0, 0, 0, 0, 112, 0, 2, 33, 147
"/home/matushd/Code/GitHub/InternetMarket/Backend/src/InternetMarket.ProductService/InternetMarket.ProductService.Infrastructure/Migrations/20260409061353_AddConversionForCategoryName.cs", "C#", 0, 0, 0, 0, 0, 0, 0, 14, 0, 3, 6, 23
"/home/matushd/Code/GitHub/InternetMarket/Backend/src/InternetMarket.ProductService/InternetMarket.ProductService.Infrastructure/Migrations/20260506135638_AddPhysicalReservedAndAvailableQuantity.Designer.cs", "C#", 0, 0, 0, 0, 0, 0, 0, 116, 0, 2, 35, 153
"/home/matushd/Code/GitHub/InternetMarket/Backend/src/InternetMarket.ProductService/InternetMarket.ProductService.Infrastructure/Migrations/20260506135638_AddPhysicalReservedAndAvailableQuantity.cs", "C#", 0, 0, 0, 0, 0, 0, 0, 40, 0, 3, 8, 51
"/home/matushd/Code/GitHub/InternetMarket/Backend/src/InternetMarket.ProductService/InternetMarket.ProductService.Infrastructure/Migrations/20260523183918_AddWeightLengthWidthHeightIsLargeSizeProductFields.Designer.cs", "C#", 0, 0, 0, 0, 0, 0, 0, 126, 0, 2, 40, 168
"/home/matushd/Code/GitHub/InternetMarket/Backend/src/InternetMarket.ProductService/InternetMarket.ProductService.Infrastructure/Migrations/20260523183918_AddWeightLengthWidthHeightIsLargeSizeProductFields.cs", "C#", 0, 0, 0, 0, 0, 0, 0, 59, 0, 3, 12, 74
"/home/matushd/Code/GitHub/InternetMarket/Backend/src/InternetMarket.ProductService/InternetMarket.ProductService.Infrastructure/Migrations/ProductContextModelSnapshot.cs", "C#", 0, 0, 0, 0, 0, 0, 0, 124, 0, 1, 40, 165
"/home/matushd/Code/GitHub/InternetMarket/Backend/src/InternetMarket.ProductService/InternetMarket.ProductService.Infrastructure/Persistance/DB/Configurations/CategoryConfiguration.cs", "C#", 0, 0, 0, 0, 0, 0, 0, 23, 0, 0, 1, 24
"/home/matushd/Code/GitHub/InternetMarket/Backend/src/InternetMarket.ProductService/InternetMarket.ProductService.Infrastructure/Persistance/DB/Configurations/ProductConfiguration.cs", "C#", 0, 0, 0, 0, 0, 0, 0, 82, 0, 0, 1, 83
"/home/matushd/Code/GitHub/InternetMarket/Backend/src/InternetMarket.ProductService/InternetMarket.ProductService.Infrastructure/Persistance/DB/Configurations/ProviderConfiguration.cs", "C#", 0, 0, 0, 0, 0, 0, 0, 38, 0, 0, 1, 39
"/home/matushd/Code/GitHub/InternetMarket/Backend/src/InternetMarket.ProductService/InternetMarket.ProductService.Infrastructure/Persistance/DB/ProductContext.cs", "C#", 0, 0, 0, 0, 0, 0, 0, 23, 0, 0, 3, 26
"/home/matushd/Code/GitHub/InternetMarket/Backend/src/InternetMarket.ShipmentService/InternetMarket.ShipmentService.API/Controllers/ShipmentsController.cs", "C#", 0, 0, 0, 0, 0, 0, 0, 98, 0, 0, 8, 106
"/home/matushd/Code/GitHub/InternetMarket/Backend/src/InternetMarket.ShipmentService/InternetMarket.ShipmentService.API/DTOs/CalculateDeliveryRequest.cs", "C#", 0, 0, 0, 0, 0, 0, 0, 16, 0, 0, 1, 17
"/home/matushd/Code/GitHub/InternetMarket/Backend/src/InternetMarket.ShipmentService/InternetMarket.ShipmentService.API/DTOs/CreateOrderDeliveryRequest.cs", "C#", 0, 0, 0, 0, 0, 0, 0, 20, 0, 0, 1, 21
"/home/matushd/Code/GitHub/InternetMarket/Backend/src/InternetMarket.ShipmentService/InternetMarket.ShipmentService.API/DTOs/Order/OrderItemDto.cs", "C#", 0, 0, 0, 0, 0, 0, 0, 20, 0, 0, 1, 21
"/home/matushd/Code/GitHub/InternetMarket/Backend/src/InternetMarket.ShipmentService/InternetMarket.ShipmentService.API/InternetMarket.ShipmentService.API.csproj", "XML", 0, 0, 0, 0, 0, 18, 0, 0, 0, 0, 5, 23
"/home/matushd/Code/GitHub/InternetMarket/Backend/src/InternetMarket.ShipmentService/InternetMarket.ShipmentService.API/Program.cs", "C#", 0, 0, 0, 0, 0, 0, 0, 16, 0, 0, 4, 20
"/home/matushd/Code/GitHub/InternetMarket/Backend/src/InternetMarket.ShipmentService/InternetMarket.ShipmentService.API/Properties/launchSettings.json", "JSON", 0, 0, 0, 0, 0, 0, 23, 0, 0, 0, 0, 23
"/home/matushd/Code/GitHub/InternetMarket/Backend/src/InternetMarket.ShipmentService/InternetMarket.ShipmentService.API/appsettings.json", "JSON", 0, 0, 0, 0, 0, 0, 9, 0, 0, 0, 1, 10
"/home/matushd/Code/GitHub/InternetMarket/Backend/src/InternetMarket.ShipmentService/InternetMarket.ShipmentService.Application/Abstractions/Clients/IShipmentClient.cs", "C#", 0, 0, 0, 0, 0, 0, 0, 24, 0, 0, 1, 25
"/home/matushd/Code/GitHub/InternetMarket/Backend/src/InternetMarket.ShipmentService/InternetMarket.ShipmentService.Application/Abstractions/Repositories/IShipmentRepository.cs", "C#", 0, 0, 0, 0, 0, 0, 0, 17, 0, 0, 1, 18
"/home/matushd/Code/GitHub/InternetMarket/Backend/src/InternetMarket.ShipmentService/InternetMarket.ShipmentService.Application/Abstractions/UnitOfWork/IUnitOfWork.cs", "C#", 0, 0, 0, 0, 0, 0, 0, 11, 0, 0, 1, 12
"/home/matushd/Code/GitHub/InternetMarket/Backend/src/InternetMarket.ShipmentService/InternetMarket.ShipmentService.Application/Consumers/OrderCreatedConsumer.cs", "C#", 0, 0, 0, 0, 0, 0, 0, 44, 0, 0, 3, 47
"/home/matushd/Code/GitHub/InternetMarket/Backend/src/InternetMarket.ShipmentService/InternetMarket.ShipmentService.Application/DTOs/OrderItemDto.cs", "C#", 0, 0, 0, 0, 0, 0, 0, 32, 0, 0, 2, 34
"/home/matushd/Code/GitHub/InternetMarket/Backend/src/InternetMarket.ShipmentService/InternetMarket.ShipmentService.Application/Extensions/DependencyInjection.cs", "C#", 0, 0, 0, 0, 0, 0, 0, 16, 0, 0, 1, 17
"/home/matushd/Code/GitHub/InternetMarket/Backend/src/InternetMarket.ShipmentService/InternetMarket.ShipmentService.Application/InternetMarket.ShipmentService.Application.csproj", "XML", 0, 0, 0, 0, 0, 15, 0, 0, 0, 0, 5, 20
"/home/matushd/Code/GitHub/InternetMarket/Backend/src/InternetMarket.ShipmentService/InternetMarket.ShipmentService.Application/Shipments/Calculate/CalculateDeliveryPriceCommand.cs", "C#", 0, 0, 0, 0, 0, 0, 0, 10, 0, 0, 1, 11
"/home/matushd/Code/GitHub/InternetMarket/Backend/src/InternetMarket.ShipmentService/InternetMarket.ShipmentService.Application/Shipments/Calculate/CalculateDeliveryPriceCommandHandler.cs", "C#", 0, 0, 0, 0, 0, 0, 0, 28, 0, 0, 3, 31
"/home/matushd/Code/GitHub/InternetMarket/Backend/src/InternetMarket.ShipmentService/InternetMarket.ShipmentService.Application/Shipments/Calculate/CalculateDeliveryPriceResponse.cs", "C#", 0, 0, 0, 0, 0, 0, 0, 14, 0, 0, 1, 15
"/home/matushd/Code/GitHub/InternetMarket/Backend/src/InternetMarket.ShipmentService/InternetMarket.ShipmentService.Application/Shipments/Create/CreateOrderDeliveryResponse.cs", "C#", 0, 0, 0, 0, 0, 0, 0, 12, 0, 0, 1, 13
"/home/matushd/Code/GitHub/InternetMarket/Backend/src/InternetMarket.ShipmentService/InternetMarket.ShipmentService.Application/Shipments/Create/CreateShipmentCommand.cs", "C#", 0, 0, 0, 0, 0, 0, 0, 11, 0, 0, 1, 12
"/home/matushd/Code/GitHub/InternetMarket/Backend/src/InternetMarket.ShipmentService/InternetMarket.ShipmentService.Application/Shipments/Create/CreateShipmentCommandHandler.cs", "C#", 0, 0, 0, 0, 0, 0, 0, 63, 0, 0, 3, 66
"/home/matushd/Code/GitHub/InternetMarket/Backend/src/InternetMarket.ShipmentService/InternetMarket.ShipmentService.Application/Shipments/Get/GetCities/GetCitiesQuery.cs", "C#", 0, 0, 0, 0, 0, 0, 0, 10, 0, 0, 1, 11
"/home/matushd/Code/GitHub/InternetMarket/Backend/src/InternetMarket.ShipmentService/InternetMarket.ShipmentService.Application/Shipments/Get/GetCities/GetCitiesQueryHandler.cs", "C#", 0, 0, 0, 0, 0, 0, 0, 23, 0, 0, 3, 26
"/home/matushd/Code/GitHub/InternetMarket/Backend/src/InternetMarket.ShipmentService/InternetMarket.ShipmentService.Application/Shipments/Get/GetCities/ShipmentCityResponse.cs", "C#", 0, 0, 0, 0, 0, 0, 0, 13, 0, 0, 1, 14
"/home/matushd/Code/GitHub/InternetMarket/Backend/src/InternetMarket.ShipmentService/InternetMarket.ShipmentService.Application/Shipments/Get/GetDeliveryPoints/DeliveryLocation.cs", "C#", 0, 0, 0, 0, 0, 0, 0, 14, 0, 0, 1, 15
"/home/matushd/Code/GitHub/InternetMarket/Backend/src/InternetMarket.ShipmentService/InternetMarket.ShipmentService.Application/Shipments/Get/GetDeliveryPoints/DeliveryPointResponse.cs", "C#", 0, 0, 0, 0, 0, 0, 0, 12, 0, 0, 1, 13
"/home/matushd/Code/GitHub/InternetMarket/Backend/src/InternetMarket.ShipmentService/InternetMarket.ShipmentService.Application/Shipments/Get/GetDeliveryPoints/GetDeliveryPointsQuery.cs", "C#", 0, 0, 0, 0, 0, 0, 0, 9, 0, 0, 1, 10
"/home/matushd/Code/GitHub/InternetMarket/Backend/src/InternetMarket.ShipmentService/InternetMarket.ShipmentService.Application/Shipments/Get/GetDeliveryPoints/GetDeliveryPointsQueryHandler.cs", "C#", 0, 0, 0, 0, 0, 0, 0, 33, 0, 0, 4, 37
"/home/matushd/Code/GitHub/InternetMarket/Backend/src/InternetMarket.ShipmentService/InternetMarket.ShipmentService.Application/Shipments/Update/UpdateStatus/ReceivedStatusCommand.cs", "C#", 0, 0, 0, 0, 0, 0, 0, 9, 0, 0, 1, 10
"/home/matushd/Code/GitHub/InternetMarket/Backend/src/InternetMarket.ShipmentService/InternetMarket.ShipmentService.Application/Shipments/Update/UpdateStatus/ReceivedStatusCommandHandler.cs", "C#", 0, 0, 0, 0, 0, 0, 0, 34, 0, 0, 6, 40
"/home/matushd/Code/GitHub/InternetMarket/Backend/src/InternetMarket.ShipmentService/InternetMarket.ShipmentService.Domain/Entities/Shipment.cs", "C#", 0, 0, 0, 0, 0, 0, 0, 37, 0, 0, 3, 40
"/home/matushd/Code/GitHub/InternetMarket/Backend/src/InternetMarket.ShipmentService/InternetMarket.ShipmentService.Domain/InternetMarket.ShipmentService.Domain.csproj", "XML", 0, 0, 0, 0, 0, 10, 0, 0, 0, 0, 4, 14
"/home/matushd/Code/GitHub/InternetMarket/Backend/src/InternetMarket.ShipmentService/InternetMarket.ShipmentService.Domain/ValueObjects/DeliveryType.cs", "C#", 0, 0, 0, 0, 0, 0, 0, 14, 0, 0, 1, 15
"/home/matushd/Code/GitHub/InternetMarket/Backend/src/InternetMarket.ShipmentService/InternetMarket.ShipmentService.Domain/ValueObjects/FullName.cs", "C#", 0, 0, 0, 0, 0, 0, 0, 21, 0, 0, 3, 24
"/home/matushd/Code/GitHub/InternetMarket/Backend/src/InternetMarket.ShipmentService/InternetMarket.ShipmentService.Domain/ValueObjects/Location.cs", "C#", 0, 0, 0, 0, 0, 0, 0, 23, 0, 0, 4, 27
"/home/matushd/Code/GitHub/InternetMarket/Backend/src/InternetMarket.ShipmentService/InternetMarket.ShipmentService.Domain/ValueObjects/NumberPhone.cs", "C#", 0, 0, 0, 0, 0, 0, 0, 21, 0, 0, 3, 24
"/home/matushd/Code/GitHub/InternetMarket/Backend/src/InternetMarket.ShipmentService/InternetMarket.ShipmentService.Domain/ValueObjects/Status.cs", "C#", 0, 0, 0, 0, 0, 0, 0, 15, 0, 0, 2, 17
"/home/matushd/Code/GitHub/InternetMarket/Backend/src/InternetMarket.ShipmentService/InternetMarket.ShipmentService.Infrastructure/Extensions/DependencyInjection.cs", "C#", 0, 0, 0, 0, 0, 0, 0, 67, 0, 0, 5, 72
"/home/matushd/Code/GitHub/InternetMarket/Backend/src/InternetMarket.ShipmentService/InternetMarket.ShipmentService.Infrastructure/Implementations/Clients/CdekOptions.cs", "C#", 0, 0, 0, 0, 0, 0, 0, 13, 0, 0, 1, 14
"/home/matushd/Code/GitHub/InternetMarket/Backend/src/InternetMarket.ShipmentService/InternetMarket.ShipmentService.Infrastructure/Implementations/Clients/DTOs/Requests/CalculateDeliveryPriceRequest.cs", "C#", 0, 0, 0, 0, 0, 0, 0, 30, 0, 0, 1, 31
"/home/matushd/Code/GitHub/InternetMarket/Backend/src/InternetMarket.ShipmentService/InternetMarket.ShipmentService.Infrastructure/Implementations/Clients/DTOs/Requests/CdekPackage.cs", "C#", 0, 0, 0, 0, 0, 0, 0, 72, 0, 0, 9, 81
"/home/matushd/Code/GitHub/InternetMarket/Backend/src/InternetMarket.ShipmentService/InternetMarket.ShipmentService.Infrastructure/Implementations/Clients/DTOs/Requests/CreateOrderRequest.cs", "C#", 0, 0, 0, 0, 0, 0, 0, 27, 0, 0, 1, 28
"/home/matushd/Code/GitHub/InternetMarket/Backend/src/InternetMarket.ShipmentService/InternetMarket.ShipmentService.Infrastructure/Implementations/Clients/DTOs/Requests/PackageItem.cs", "C#", 0, 0, 0, 0, 0, 0, 0, 33, 0, 0, 2, 35
"/home/matushd/Code/GitHub/InternetMarket/Backend/src/InternetMarket.ShipmentService/InternetMarket.ShipmentService.Infrastructure/Implementations/Clients/DTOs/Requests/Payment.cs", "C#", 0, 0, 0, 0, 0, 0, 0, 17, 0, 0, 2, 19
"/home/matushd/Code/GitHub/InternetMarket/Backend/src/InternetMarket.ShipmentService/InternetMarket.ShipmentService.Infrastructure/Implementations/Clients/DTOs/Requests/Phone.cs", "C#", 0, 0, 0, 0, 0, 0, 0, 13, 0, 0, 1, 14
"/home/matushd/Code/GitHub/InternetMarket/Backend/src/InternetMarket.ShipmentService/InternetMarket.ShipmentService.Infrastructure/Implementations/Clients/DTOs/Requests/Recipient.cs", "C#", 0, 0, 0, 0, 0, 0, 0, 16, 0, 0, 1, 17
"/home/matushd/Code/GitHub/InternetMarket/Backend/src/InternetMarket.ShipmentService/InternetMarket.ShipmentService.Infrastructure/Implementations/Clients/DTOs/Requests/ShipmentLocation.cs", "C#", 0, 0, 0, 0, 0, 0, 0, 19, 0, 0, 1, 20
"/home/matushd/Code/GitHub/InternetMarket/Backend/src/InternetMarket.ShipmentService/InternetMarket.ShipmentService.Infrastructure/Implementations/Clients/DTOs/Responses/CdekAuthResponse.cs", "C#", 0, 0, 0, 0, 0, 0, 0, 15, 0, 0, 1, 16
"/home/matushd/Code/GitHub/InternetMarket/Backend/src/InternetMarket.ShipmentService/InternetMarket.ShipmentService.Infrastructure/Implementations/Clients/DTOs/Responses/CdekCreateOrderDeliveryResponse.cs", "C#", 0, 0, 0, 0, 0, 0, 0, 15, 0, 0, 1, 16
"/home/matushd/Code/GitHub/InternetMarket/Backend/src/InternetMarket.ShipmentService/InternetMarket.ShipmentService.Infrastructure/Implementations/Clients/DTOs/Responses/CdekDeliveryLocation.cs", "C#", 0, 0, 0, 0, 0, 0, 0, 17, 0, 0, 1, 18
"/home/matushd/Code/GitHub/InternetMarket/Backend/src/InternetMarket.ShipmentService/InternetMarket.ShipmentService.Infrastructure/Implementations/Clients/DTOs/Responses/CdekDeliveryPointResponse.cs", "C#", 0, 0, 0, 0, 0, 0, 0, 15, 0, 0, 1, 16
"/home/matushd/Code/GitHub/InternetMarket/Backend/src/InternetMarket.ShipmentService/InternetMarket.ShipmentService.Infrastructure/Implementations/Clients/DTOs/Responses/CdekRequest.cs", "C#", 0, 0, 0, 0, 0, 0, 0, 13, 0, 0, 1, 14
"/home/matushd/Code/GitHub/InternetMarket/Backend/src/InternetMarket.ShipmentService/InternetMarket.ShipmentService.Infrastructure/Implementations/Clients/DTOs/Responses/CdekShipmentCityResponse.cs", "C#", 0, 0, 0, 0, 0, 0, 0, 15, 0, 0, 2, 17
"/home/matushd/Code/GitHub/InternetMarket/Backend/src/InternetMarket.ShipmentService/InternetMarket.ShipmentService.Infrastructure/Implementations/Clients/DTOs/Responses/CdekTariffResponse.cs", "C#", 0, 0, 0, 0, 0, 0, 0, 19, 0, 0, 1, 20
"/home/matushd/Code/GitHub/InternetMarket/Backend/src/InternetMarket.ShipmentService/InternetMarket.ShipmentService.Infrastructure/Implementations/Clients/DTOs/Responses/DeliveryDateRange.cs", "C#", 0, 0, 0, 0, 0, 0, 0, 15, 0, 0, 1, 16
"/home/matushd/Code/GitHub/InternetMarket/Backend/src/InternetMarket.ShipmentService/InternetMarket.ShipmentService.Infrastructure/Implementations/Clients/DTOs/Responses/Entity.cs", "C#", 0, 0, 0, 0, 0, 0, 0, 13, 0, 0, 1, 14
"/home/matushd/Code/GitHub/InternetMarket/Backend/src/InternetMarket.ShipmentService/InternetMarket.ShipmentService.Infrastructure/Implementations/Clients/PackagePacker.cs", "C#", 0, 0, 0, 0, 0, 0, 0, 84, 0, 0, 8, 92
"/home/matushd/Code/GitHub/InternetMarket/Backend/src/InternetMarket.ShipmentService/InternetMarket.ShipmentService.Infrastructure/Implementations/Clients/ShipmentClient.cs", "C#", 0, 0, 0, 0, 0, 0, 0, 210, 0, 0, 27, 237
"/home/matushd/Code/GitHub/InternetMarket/Backend/src/InternetMarket.ShipmentService/InternetMarket.ShipmentService.Infrastructure/Implementations/Repositories/ShipmentRepository.cs", "C#", 0, 0, 0, 0, 0, 0, 0, 41, 0, 0, 9, 50
"/home/matushd/Code/GitHub/InternetMarket/Backend/src/InternetMarket.ShipmentService/InternetMarket.ShipmentService.Infrastructure/Implementations/UnitOfWork/UnitOfWork.cs", "C#", 0, 0, 0, 0, 0, 0, 0, 21, 0, 0, 2, 23
"/home/matushd/Code/GitHub/InternetMarket/Backend/src/InternetMarket.ShipmentService/InternetMarket.ShipmentService.Infrastructure/InternetMarket.ShipmentService.Infrastructure.csproj", "XML", 0, 0, 0, 0, 0, 18, 0, 0, 0, 0, 5, 23
"/home/matushd/Code/GitHub/InternetMarket/Backend/src/InternetMarket.ShipmentService/InternetMarket.ShipmentService.Infrastructure/Migrations/20260519125152_InitialMigration.Designer.cs", "C#", 0, 0, 0, 0, 0, 0, 0, 103, 0, 2, 32, 137
"/home/matushd/Code/GitHub/InternetMarket/Backend/src/InternetMarket.ShipmentService/InternetMarket.ShipmentService.Infrastructure/Migrations/20260519125152_InitialMigration.cs", "C#", 0, 0, 0, 0, 0, 0, 0, 54, 0, 3, 7, 64
"/home/matushd/Code/GitHub/InternetMarket/Backend/src/InternetMarket.ShipmentService/InternetMarket.ShipmentService.Infrastructure/Migrations/20260526130726_ChangeAddressFieldToNonRequiredAndAddDeliveryTypeField.Designer.cs", "C#", 0, 0, 0, 0, 0, 0, 0, 88, 0, 2, 26, 116
"/home/matushd/Code/GitHub/InternetMarket/Backend/src/InternetMarket.ShipmentService/InternetMarket.ShipmentService.Infrastructure/Migrations/20260526130726_ChangeAddressFieldToNonRequiredAndAddDeliveryTypeField.cs", "C#", 0, 0, 0, 0, 0, 0, 0, 62, 0, 3, 9, 74
"/home/matushd/Code/GitHub/InternetMarket/Backend/src/InternetMarket.ShipmentService/InternetMarket.ShipmentService.Infrastructure/Migrations/20260526163413_AddOutBoxPattern.Designer.cs", "C#", 0, 0, 0, 0, 0, 0, 0, 216, 0, 2, 80, 298
"/home/matushd/Code/GitHub/InternetMarket/Backend/src/InternetMarket.ShipmentService/InternetMarket.ShipmentService.Infrastructure/Migrations/20260526163413_AddOutBoxPattern.cs", "C#", 0, 0, 0, 0, 0, 0, 0, 127, 0, 3, 14, 144
"/home/matushd/Code/GitHub/InternetMarket/Backend/src/InternetMarket.ShipmentService/InternetMarket.ShipmentService.Infrastructure/Migrations/ShipmentContextModelSnapshot.cs", "C#", 0, 0, 0, 0, 0, 0, 0, 214, 0, 1, 80, 295
"/home/matushd/Code/GitHub/InternetMarket/Backend/src/InternetMarket.ShipmentService/InternetMarket.ShipmentService.Infrastructure/Persistence/DB/Configurations/ShipmentConfiguration.cs", "C#", 0, 0, 0, 0, 0, 0, 0, 59, 0, 0, 1, 60
"/home/matushd/Code/GitHub/InternetMarket/Backend/src/InternetMarket.ShipmentService/InternetMarket.ShipmentService.Infrastructure/Persistence/DB/ShipmentContext.cs", "C#", 0, 0, 0, 0, 0, 0, 0, 23, 0, 0, 3, 26
"/home/matushd/Code/GitHub/InternetMarket/Backend/src/InternetMarket.UserService/InternetMarket.UserService.API/Controllers/AuthController.cs", "C#", 0, 0, 0, 0, 0, 0, 0, 45, 0, 0, 6, 51
"/home/matushd/Code/GitHub/InternetMarket/Backend/src/InternetMarket.UserService/InternetMarket.UserService.API/Controllers/UsersController.cs", "C#", 0, 0, 0, 0, 0, 0, 0, 83, 0, 0, 8, 91
"/home/matushd/Code/GitHub/InternetMarket/Backend/src/InternetMarket.UserService/InternetMarket.UserService.API/DTOs/Requests/Login/LoginUserRequest.cs", "C#", 0, 0, 0, 0, 0, 0, 0, 8, 0, 0, 1, 9
"/home/matushd/Code/GitHub/InternetMarket/Backend/src/InternetMarket.UserService/InternetMarket.UserService.API/DTOs/Requests/Register/RegisterUserRequest.cs", "C#", 0, 0, 0, 0, 0, 0, 0, 8, 0, 0, 1, 9
"/home/matushd/Code/GitHub/InternetMarket/Backend/src/InternetMarket.UserService/InternetMarket.UserService.API/DTOs/Requests/UpdateEmail/ChangeEmailRequest.cs", "C#", 0, 0, 0, 0, 0, 0, 0, 8, 0, 0, 1, 9
"/home/matushd/Code/GitHub/InternetMarket/Backend/src/InternetMarket.UserService/InternetMarket.UserService.API/DTOs/Requests/UpdateEmail/UpdateEmailRequest.cs", "C#", 0, 0, 0, 0, 0, 0, 0, 8, 0, 0, 1, 9
"/home/matushd/Code/GitHub/InternetMarket/Backend/src/InternetMarket.UserService/InternetMarket.UserService.API/DTOs/Requests/UpdateProfile/UpdateUserProfileRequest.cs", "C#", 0, 0, 0, 0, 0, 0, 0, 9, 0, 0, 1, 10
"/home/matushd/Code/GitHub/InternetMarket/Backend/src/InternetMarket.UserService/InternetMarket.UserService.API/Extensions/ClaimsPrincipleExtensions.cs", "C#", 0, 0, 0, 0, 0, 0, 0, 19, 0, 0, 3, 22
"/home/matushd/Code/GitHub/InternetMarket/Backend/src/InternetMarket.UserService/InternetMarket.UserService.API/Extensions/DependencyInjection.cs", "C#", 0, 0, 0, 0, 0, 0, 0, 53, 0, 0, 3, 56
"/home/matushd/Code/GitHub/InternetMarket/Backend/src/InternetMarket.UserService/InternetMarket.UserService.API/Implementations/EmailVerificationLinkFactory/ChangeEmailVerificationLinkFactory.cs", "C#", 0, 0, 0, 0, 0, 0, 0, 29, 0, 0, 4, 33
"/home/matushd/Code/GitHub/InternetMarket/Backend/src/InternetMarket.UserService/InternetMarket.UserService.API/Implementations/EmailVerificationLinkFactory/RegistrationEmailVerificationLinkFactory.cs", "C#", 0, 0, 0, 0, 0, 0, 0, 29, 0, 0, 3, 32
"/home/matushd/Code/GitHub/InternetMarket/Backend/src/InternetMarket.UserService/InternetMarket.UserService.API/Implementations/ResetPasswordLinkFactory/ResetPasswordLinkFactory.cs", "C#", 0, 0, 0, 0, 0, 0, 0, 28, 0, 0, 3, 31
"/home/matushd/Code/GitHub/InternetMarket/Backend/src/InternetMarket.UserService/InternetMarket.UserService.API/InternetMarket.UserService.API.csproj", "XML", 0, 0, 0, 0, 0, 19, 0, 0, 0, 0, 0, 19
"/home/matushd/Code/GitHub/InternetMarket/Backend/src/InternetMarket.UserService/InternetMarket.UserService.API/Program.cs", "C#", 0, 0, 0, 0, 0, 0, 0, 15, 0, 0, 4, 19
"/home/matushd/Code/GitHub/InternetMarket/Backend/src/InternetMarket.UserService/InternetMarket.UserService.API/Properties/launchSettings.json", "JSON", 0, 0, 0, 0, 0, 0, 23, 0, 0, 0, 1, 24
"/home/matushd/Code/GitHub/InternetMarket/Backend/src/InternetMarket.UserService/InternetMarket.UserService.API/appsettings.json", "JSON", 0, 0, 0, 0, 0, 0, 18, 0, 0, 0, 0, 18
"/home/matushd/Code/GitHub/InternetMarket/Backend/src/InternetMarket.UserService/InternetMarket.UserService.Application/Abstractions/EmailVerificationLinkFactory/IChangeEmailVerificationLinkFactory.cs", "C#", 0, 0, 0, 0, 0, 0, 0, 11, 0, 0, 1, 12
"/home/matushd/Code/GitHub/InternetMarket/Backend/src/InternetMarket.UserService/InternetMarket.UserService.Application/Abstractions/EmailVerificationLinkFactory/IRegistrationEmailVerificationLinkFactory.cs", "C#", 0, 0, 0, 0, 0, 0, 0, 7, 0, 0, 0, 7
"/home/matushd/Code/GitHub/InternetMarket/Backend/src/InternetMarket.UserService/InternetMarket.UserService.Application/Abstractions/PasswordHasher/IPasswordHasher.cs", "C#", 0, 0, 0, 0, 0, 0, 0, 12, 0, 0, 1, 13
"/home/matushd/Code/GitHub/InternetMarket/Backend/src/InternetMarket.UserService/InternetMarket.UserService.Application/Abstractions/Repositories/IEmailVerificationTokenRepository.cs", "C#", 0, 0, 0, 0, 0, 0, 0, 13, 0, 0, 1, 14
"/home/matushd/Code/GitHub/InternetMarket/Backend/src/InternetMarket.UserService/InternetMarket.UserService.Application/Abstractions/Repositories/IResetPasswordTokenRepository.cs", "C#", 0, 0, 0, 0, 0, 0, 0, 13, 0, 0, 1, 14
"/home/matushd/Code/GitHub/InternetMarket/Backend/src/InternetMarket.UserService/InternetMarket.UserService.Application/Abstractions/Repositories/IUserRepository.cs", "C#", 0, 0, 0, 0, 0, 0, 0, 14, 0, 0, 1, 15
"/home/matushd/Code/GitHub/InternetMarket/Backend/src/InternetMarket.UserService/InternetMarket.UserService.Application/Abstractions/ResetPasswordLinkFactory/IResetPasswordLinkFactory.cs", "C#", 0, 0, 0, 0, 0, 0, 0, 11, 0, 0, 1, 12
"/home/matushd/Code/GitHub/InternetMarket/Backend/src/InternetMarket.UserService/InternetMarket.UserService.Application/Abstractions/TokenGenerator/ITokenGenerator.cs", "C#", 0, 0, 0, 0, 0, 0, 0, 8, 0, 0, 1, 9
"/home/matushd/Code/GitHub/InternetMarket/Backend/src/InternetMarket.UserService/InternetMarket.UserService.Application/Abstractions/UnitOfWork/IUnitOfWork.cs", "C#", 0, 0, 0, 0, 0, 0, 0, 11, 0, 0, 1, 12
"/home/matushd/Code/GitHub/InternetMarket/Backend/src/InternetMarket.UserService/InternetMarket.UserService.Application/EmailVerificationToken/EmailChange/EmailChangeCommand.cs", "C#", 0, 0, 0, 0, 0, 0, 0, 9, 0, 0, 1, 10
"/home/matushd/Code/GitHub/InternetMarket/Backend/src/InternetMarket.UserService/InternetMarket.UserService.Application/EmailVerificationToken/EmailChange/EmailChangeCommandHandler.cs", "C#", 0, 0, 0, 0, 0, 0, 0, 52, 0, 0, 6, 58
"/home/matushd/Code/GitHub/InternetMarket/Backend/src/InternetMarket.UserService/InternetMarket.UserService.Application/EmailVerificationToken/VerifyEmail/VerifyEmailCommand.cs", "C#", 0, 0, 0, 0, 0, 0, 0, 9, 0, 0, 1, 10
"/home/matushd/Code/GitHub/InternetMarket/Backend/src/InternetMarket.UserService/InternetMarket.UserService.Application/EmailVerificationToken/VerifyEmail/VerifyEmailCommandHandler.cs", "C#", 0, 0, 0, 0, 0, 0, 0, 32, 0, 0, 6, 38
"/home/matushd/Code/GitHub/InternetMarket/Backend/src/InternetMarket.UserService/InternetMarket.UserService.Application/Extensions/DependencyInjection.cs", "C#", 0, 0, 0, 0, 0, 0, 0, 18, 0, 0, 1, 19
"/home/matushd/Code/GitHub/InternetMarket/Backend/src/InternetMarket.UserService/InternetMarket.UserService.Application/InternetMarket.UserService.Application.csproj", "XML", 0, 0, 0, 0, 0, 17, 0, 0, 0, 0, 4, 21
"/home/matushd/Code/GitHub/InternetMarket/Backend/src/InternetMarket.UserService/InternetMarket.UserService.Application/ResetPasswordToken/ForgotPasswordCommand.cs", "C#", 0, 0, 0, 0, 0, 0, 0, 9, 0, 0, 1, 10
"/home/matushd/Code/GitHub/InternetMarket/Backend/src/InternetMarket.UserService/InternetMarket.UserService.Application/ResetPasswordToken/ForgotPasswordCommandHandler.cs", "C#", 0, 0, 0, 0, 0, 0, 0, 53, 0, 0, 8, 61
"/home/matushd/Code/GitHub/InternetMarket/Backend/src/InternetMarket.UserService/InternetMarket.UserService.Application/Users/Delete/DeleteUserCommand.cs", "C#", 0, 0, 0, 0, 0, 0, 0, 9, 0, 0, 1, 10
"/home/matushd/Code/GitHub/InternetMarket/Backend/src/InternetMarket.UserService/InternetMarket.UserService.Application/Users/Delete/DeleteUserCommandHandler.cs", "C#", 0, 0, 0, 0, 0, 0, 0, 26, 0, 0, 6, 32
"/home/matushd/Code/GitHub/InternetMarket/Backend/src/InternetMarket.UserService/InternetMarket.UserService.Application/Users/Get/GetAllUsersQuery.cs", "C#", 0, 0, 0, 0, 0, 0, 0, 9, 0, 0, 1, 10
"/home/matushd/Code/GitHub/InternetMarket/Backend/src/InternetMarket.UserService/InternetMarket.UserService.Application/Users/Get/GetAllUsersQueryHandler.cs", "C#", 0, 0, 0, 0, 0, 0, 0, 25, 0, 0, 5, 30
"/home/matushd/Code/GitHub/InternetMarket/Backend/src/InternetMarket.UserService/InternetMarket.UserService.Application/Users/Get/GetUserByIdQuery.cs", "C#", 0, 0, 0, 0, 0, 0, 0, 10, 0, 0, 1, 11
"/home/matushd/Code/GitHub/InternetMarket/Backend/src/InternetMarket.UserService/InternetMarket.UserService.Application/Users/Get/GetUserByIdQueryHandler.cs", "C#", 0, 0, 0, 0, 0, 0, 0, 28, 0, 0, 6, 34
"/home/matushd/Code/GitHub/InternetMarket/Backend/src/InternetMarket.UserService/InternetMarket.UserService.Application/Users/GetMe/GetMyProfileQuery.cs", "C#", 0, 0, 0, 0, 0, 0, 0, 9, 0, 0, 1, 10
"/home/matushd/Code/GitHub/InternetMarket/Backend/src/InternetMarket.UserService/InternetMarket.UserService.Application/Users/GetMe/GetMyProfileQueryHandler.cs", "C#", 0, 0, 0, 0, 0, 0, 0, 27, 0, 0, 6, 33
"/home/matushd/Code/GitHub/InternetMarket/Backend/src/InternetMarket.UserService/InternetMarket.UserService.Application/Users/GetMe/GetMyProfileResponse.cs", "C#", 0, 0, 0, 0, 0, 0, 0, 8, 0, 0, 1, 9
"/home/matushd/Code/GitHub/InternetMarket/Backend/src/InternetMarket.UserService/InternetMarket.UserService.Application/Users/Login/LoginUserCommand.cs", "C#", 0, 0, 0, 0, 0, 0, 0, 9, 0, 0, 1, 10
"/home/matushd/Code/GitHub/InternetMarket/Backend/src/InternetMarket.UserService/InternetMarket.UserService.Application/Users/Login/LoginUserCommandHandler.cs", "C#", 0, 0, 0, 0, 0, 0, 0, 35, 0, 0, 6, 41
"/home/matushd/Code/GitHub/InternetMarket/Backend/src/InternetMarket.UserService/InternetMarket.UserService.Application/Users/Register/RegisterUserCommand.cs", "C#", 0, 0, 0, 0, 0, 0, 0, 9, 0, 0, 1, 10
"/home/matushd/Code/GitHub/InternetMarket/Backend/src/InternetMarket.UserService/InternetMarket.UserService.Application/Users/Register/RegisterUserCommandHandler.cs", "C#", 0, 0, 0, 0, 0, 0, 0, 59, 0, 0, 8, 67
"/home/matushd/Code/GitHub/InternetMarket/Backend/src/InternetMarket.UserService/InternetMarket.UserService.Application/Users/Update/UpdateUserEmail/UpdateUserEmailCommand.cs", "C#", 0, 0, 0, 0, 0, 0, 0, 9, 0, 0, 1, 10
"/home/matushd/Code/GitHub/InternetMarket/Backend/src/InternetMarket.UserService/InternetMarket.UserService.Application/Users/Update/UpdateUserEmail/UpdateUserEmailCommandHandler.cs", "C#", 0, 0, 0, 0, 0, 0, 0, 29, 0, 0, 6, 35
"/home/matushd/Code/GitHub/InternetMarket/Backend/src/InternetMarket.UserService/InternetMarket.UserService.Application/Users/Update/UpdateUserPassword/UpdateUserPasswordCommand.cs", "C#", 0, 0, 0, 0, 0, 0, 0, 9, 0, 0, 1, 10
"/home/matushd/Code/GitHub/InternetMarket/Backend/src/InternetMarket.UserService/InternetMarket.UserService.Application/Users/Update/UpdateUserPassword/UpdateUserPasswordCommandHandler.cs", "C#", 0, 0, 0, 0, 0, 0, 0, 40, 0, 0, 9, 49
"/home/matushd/Code/GitHub/InternetMarket/Backend/src/InternetMarket.UserService/InternetMarket.UserService.Application/Users/Update/UpdateUserProfile/UpdateUserProfileCommand.cs", "C#", 0, 0, 0, 0, 0, 0, 0, 9, 0, 0, 1, 10
"/home/matushd/Code/GitHub/InternetMarket/Backend/src/InternetMarket.UserService/InternetMarket.UserService.Application/Users/Update/UpdateUserProfile/UpdateUserProfileCommandHandler.cs", "C#", 0, 0, 0, 0, 0, 0, 0, 29, 0, 0, 7, 36
"/home/matushd/Code/GitHub/InternetMarket/Backend/src/InternetMarket.UserService/InternetMarket.UserService.Application/Users/UserDto.cs", "C#", 0, 0, 0, 0, 0, 0, 0, 8, 0, 0, 2, 10
"/home/matushd/Code/GitHub/InternetMarket/Backend/src/InternetMarket.UserService/InternetMarket.UserService.Domain/Entities/EmailVerificationToken.cs", "C#", 0, 0, 0, 0, 0, 0, 0, 15, 0, 0, 1, 16
"/home/matushd/Code/GitHub/InternetMarket/Backend/src/InternetMarket.UserService/InternetMarket.UserService.Domain/Entities/ResetPasswordToken.cs", "C#", 0, 0, 0, 0, 0, 0, 0, 14, 0, 0, 1, 15
"/home/matushd/Code/GitHub/InternetMarket/Backend/src/InternetMarket.UserService/InternetMarket.UserService.Domain/Entities/User.cs", "C#", 0, 0, 0, 0, 0, 0, 0, 44, 0, 0, 8, 52
"/home/matushd/Code/GitHub/InternetMarket/Backend/src/InternetMarket.UserService/InternetMarket.UserService.Domain/InternetMarket.UserService.Domain.csproj", "XML", 0, 0, 0, 0, 0, 10, 0, 0, 0, 0, 4, 14
"/home/matushd/Code/GitHub/InternetMarket/Backend/src/InternetMarket.UserService/InternetMarket.UserService.Domain/ValueObjects/Email.cs", "C#", 0, 0, 0, 0, 0, 0, 0, 26, 0, 0, 3, 29
"/home/matushd/Code/GitHub/InternetMarket/Backend/src/InternetMarket.UserService/InternetMarket.UserService.Domain/ValueObjects/FullName.cs", "C#", 0, 0, 0, 0, 0, 0, 0, 21, 0, 0, 3, 24
"/home/matushd/Code/GitHub/InternetMarket/Backend/src/InternetMarket.UserService/InternetMarket.UserService.Domain/ValueObjects/Password.cs", "C#", 0, 0, 0, 0, 0, 0, 0, 24, 0, 0, 3, 27
"/home/matushd/Code/GitHub/InternetMarket/Backend/src/InternetMarket.UserService/InternetMarket.UserService.Domain/ValueObjects/UserRole.cs", "C#", 0, 0, 0, 0, 0, 0, 0, 17, 0, 0, 2, 19
"/home/matushd/Code/GitHub/InternetMarket/Backend/src/InternetMarket.UserService/InternetMarket.UserService.Infrastructure/Extensions/AddFluentEmailExtensions.cs", "C#", 0, 0, 0, 0, 0, 0, 0, 24, 0, 0, 3, 27
"/home/matushd/Code/GitHub/InternetMarket/Backend/src/InternetMarket.UserService/InternetMarket.UserService.Infrastructure/Extensions/DependencyInjection.cs", "C#", 0, 0, 0, 0, 0, 0, 0, 58, 0, 0, 7, 65
"/home/matushd/Code/GitHub/InternetMarket/Backend/src/InternetMarket.UserService/InternetMarket.UserService.Infrastructure/Implementations/JWTGenerator/AuthOptions.cs", "C#", 0, 0, 0, 0, 0, 0, 0, 14, 0, 0, 1, 15
"/home/matushd/Code/GitHub/InternetMarket/Backend/src/InternetMarket.UserService/InternetMarket.UserService.Infrastructure/Implementations/JWTGenerator/JwtGenerator.cs", "C#", 0, 0, 0, 0, 0, 0, 0, 39, 0, 0, 4, 43
"/home/matushd/Code/GitHub/InternetMarket/Backend/src/InternetMarket.UserService/InternetMarket.UserService.Infrastructure/Implementations/PasswordHasher/PasswordHasher.cs", "C#", 0, 0, 0, 0, 0, 0, 0, 25, 0, 0, 4, 29
"/home/matushd/Code/GitHub/InternetMarket/Backend/src/InternetMarket.UserService/InternetMarket.UserService.Infrastructure/Implementations/UnitOfWork/UnitOfWork.cs", "C#", 0, 0, 0, 0, 0, 0, 0, 21, 0, 0, 2, 23
"/home/matushd/Code/GitHub/InternetMarket/Backend/src/InternetMarket.UserService/InternetMarket.UserService.Infrastructure/InternetMarket.UserService.Infrastructure.csproj", "XML", 0, 0, 0, 0, 0, 19, 0, 0, 0, 0, 0, 19
"/home/matushd/Code/GitHub/InternetMarket/Backend/src/InternetMarket.UserService/InternetMarket.UserService.Infrastructure/Migrations/20251228135256_InitialMigration.Designer.cs", "C#", 0, 0, 0, 0, 0, 0, 0, 49, 0, 2, 13, 64
"/home/matushd/Code/GitHub/InternetMarket/Backend/src/InternetMarket.UserService/InternetMarket.UserService.Infrastructure/Migrations/20251228135256_InitialMigration.cs", "C#", 0, 0, 0, 0, 0, 0, 0, 33, 0, 3, 4, 40
"/home/matushd/Code/GitHub/InternetMarket/Backend/src/InternetMarket.UserService/InternetMarket.UserService.Infrastructure/Migrations/20260101202655_AddEmailVerificationToken.Designer.cs", "C#", 0, 0, 0, 0, 0, 0, 0, 73, 0, 2, 22, 97
"/home/matushd/Code/GitHub/InternetMarket/Backend/src/InternetMarket.UserService/InternetMarket.UserService.Infrastructure/Migrations/20260101202655_AddEmailVerificationToken.cs", "C#", 0, 0, 0, 0, 0, 0, 0, 40, 0, 3, 5, 48
"/home/matushd/Code/GitHub/InternetMarket/Backend/src/InternetMarket.UserService/InternetMarket.UserService.Infrastructure/Migrations/20260102172435_AddResetPasswordToken.Designer.cs", "C#", 0, 0, 0, 0, 0, 0, 0, 100, 0, 2, 31, 133
"/home/matushd/Code/GitHub/InternetMarket/Backend/src/InternetMarket.UserService/InternetMarket.UserService.Infrastructure/Migrations/20260102172435_AddResetPasswordToken.cs", "C#", 0, 0, 0, 0, 0, 0, 0, 143, 0, 3, 25, 171
"/home/matushd/Code/GitHub/InternetMarket/Backend/src/InternetMarket.UserService/InternetMarket.UserService.Infrastructure/Migrations/20260216102943_RemoveCartIdField.Designer.cs", "C#", 0, 0, 0, 0, 0, 0, 0, 98, 0, 2, 30, 130
"/home/matushd/Code/GitHub/InternetMarket/Backend/src/InternetMarket.UserService/InternetMarket.UserService.Infrastructure/Migrations/20260216102943_RemoveCartIdField.cs", "C#", 0, 0, 0, 0, 0, 0, 0, 24, 0, 3, 4, 31
"/home/matushd/Code/GitHub/InternetMarket/Backend/src/InternetMarket.UserService/InternetMarket.UserService.Infrastructure/Migrations/20260329091416_AddConversionForPasswordRoleEmailfields.Designer.cs", "C#", 0, 0, 0, 0, 0, 0, 0, 97, 0, 2, 30, 129
"/home/matushd/Code/GitHub/InternetMarket/Backend/src/InternetMarket.UserService/InternetMarket.UserService.Infrastructure/Migrations/20260329091416_AddConversionForPasswordRoleEmailfields.cs", "C#", 0, 0, 0, 0, 0, 0, 0, 28, 0, 3, 4, 35
"/home/matushd/Code/GitHub/InternetMarket/Backend/src/InternetMarket.UserService/InternetMarket.UserService.Infrastructure/Migrations/20260406062848_AddOutOfBoxPattern.Designer.cs", "C#", 0, 0, 0, 0, 0, 0, 0, 225, 0, 2, 84, 311
"/home/matushd/Code/GitHub/InternetMarket/Backend/src/InternetMarket.UserService/InternetMarket.UserService.Infrastructure/Migrations/20260406062848_AddOutOfBoxPattern.cs", "C#", 0, 0, 0, 0, 0, 0, 0, 127, 0, 3, 14, 144
"/home/matushd/Code/GitHub/InternetMarket/Backend/src/InternetMarket.UserService/InternetMarket.UserService.Infrastructure/Migrations/20260420104909_AddFirstNameAndLastNameFields.Designer.cs", "C#", 0, 0, 0, 0, 0, 0, 0, 245, 0, 2, 90, 337
"/home/matushd/Code/GitHub/InternetMarket/Backend/src/InternetMarket.UserService/InternetMarket.UserService.Infrastructure/Migrations/20260420104909_AddFirstNameAndLastNameFields.cs", "C#", 0, 0, 0, 0, 0, 0, 0, 44, 0, 3, 8, 55
"/home/matushd/Code/GitHub/InternetMarket/Backend/src/InternetMarket.UserService/InternetMarket.UserService.Infrastructure/Migrations/UserContextModelSnapshot.cs", "C#", 0, 0, 0, 0, 0, 0, 0, 243, 0, 1, 90, 334
"/home/matushd/Code/GitHub/InternetMarket/Backend/src/InternetMarket.UserService/InternetMarket.UserService.Infrastructure/Persistence/DB/Configurations/EmailVerificationTokenConfiguration.cs", "C#", 0, 0, 0, 0, 0, 0, 0, 17, 0, 0, 1, 18
"/home/matushd/Code/GitHub/InternetMarket/Backend/src/InternetMarket.UserService/InternetMarket.UserService.Infrastructure/Persistence/DB/Configurations/ResetPasswordTokenConfiguration.cs", "C#", 0, 0, 0, 0, 0, 0, 0, 20, 0, 0, 1, 21
"/home/matushd/Code/GitHub/InternetMarket/Backend/src/InternetMarket.UserService/InternetMarket.UserService.Infrastructure/Persistence/DB/Configurations/UserConfiguration.cs", "C#", 0, 0, 0, 0, 0, 0, 0, 46, 0, 0, 1, 47
"/home/matushd/Code/GitHub/InternetMarket/Backend/src/InternetMarket.UserService/InternetMarket.UserService.Infrastructure/Persistence/DB/UserContext.cs", "C#", 0, 0, 0, 0, 0, 0, 0, 24, 0, 0, 3, 27
"/home/matushd/Code/GitHub/InternetMarket/Backend/src/InternetMarket.UserService/InternetMarket.UserService.Infrastructure/Persistence/Repositories/EmailVerificationTokenRepository.cs", "C#", 0, 0, 0, 0, 0, 0, 0, 34, 0, 0, 5, 39
"/home/matushd/Code/GitHub/InternetMarket/Backend/src/InternetMarket.UserService/InternetMarket.UserService.Infrastructure/Persistence/Repositories/ResetPasswordTokenRepository.cs", "C#", 0, 0, 0, 0, 0, 0, 0, 33, 0, 0, 6, 39
"/home/matushd/Code/GitHub/InternetMarket/Backend/src/InternetMarket.UserService/InternetMarket.UserService.Infrastructure/Persistence/Repositories/UserRepository.cs", "C#", 0, 0, 0, 0, 0, 0, 0, 45, 0, 0, 7, 52
"/home/matushd/Code/GitHub/InternetMarket/frontend/AGENTS.md", "Markdown", 2, 0, 0, 0, 0, 0, 0, 0, 0, 2, 2, 6
"/home/matushd/Code/GitHub/InternetMarket/frontend/CLAUDE.md", "Markdown", 1, 0, 0, 0, 0, 0, 0, 0, 0, 0, 1, 2
"/home/matushd/Code/GitHub/InternetMarket/frontend/README.md", "Markdown", 23, 0, 0, 0, 0, 0, 0, 0, 0, 0, 14, 37
"/home/matushd/Code/GitHub/InternetMarket/frontend/eslint.config.mjs", "JavaScript", 0, 14, 0, 0, 0, 0, 0, 0, 0, 2, 3, 19
"/home/matushd/Code/GitHub/InternetMarket/frontend/next.config.ts", "TypeScript", 0, 0, 4, 0, 0, 0, 0, 0, 0, 1, 3, 8
"/home/matushd/Code/GitHub/InternetMarket/frontend/package-lock.json", "JSON", 0, 0, 0, 0, 0, 0, 6585, 0, 0, 0, 1, 6586
"/home/matushd/Code/GitHub/InternetMarket/frontend/package.json", "JSON", 0, 0, 0, 0, 0, 0, 26, 0, 0, 0, 1, 27
"/home/matushd/Code/GitHub/InternetMarket/frontend/postcss.config.mjs", "JavaScript", 0, 6, 0, 0, 0, 0, 0, 0, 0, 0, 2, 8
"/home/matushd/Code/GitHub/InternetMarket/frontend/public/file.svg", "XML", 0, 0, 0, 0, 0, 1, 0, 0, 0, 0, 0, 1
"/home/matushd/Code/GitHub/InternetMarket/frontend/public/globe.svg", "XML", 0, 0, 0, 0, 0, 1, 0, 0, 0, 0, 0, 1
"/home/matushd/Code/GitHub/InternetMarket/frontend/public/next.svg", "XML", 0, 0, 0, 0, 0, 1, 0, 0, 0, 0, 0, 1
"/home/matushd/Code/GitHub/InternetMarket/frontend/public/vercel.svg", "XML", 0, 0, 0, 0, 0, 1, 0, 0, 0, 0, 0, 1
"/home/matushd/Code/GitHub/InternetMarket/frontend/public/window.svg", "XML", 0, 0, 0, 0, 0, 1, 0, 0, 0, 0, 0, 1
"/home/matushd/Code/GitHub/InternetMarket/frontend/src/app/cart/page.tsx", "TypeScript JSX", 0, 0, 0, 0, 156, 0, 0, 0, 0, 0, 14, 170
"/home/matushd/Code/GitHub/InternetMarket/frontend/src/app/checkout/page.tsx", "TypeScript JSX", 0, 0, 0, 0, 355, 0, 0, 0, 0, 0, 34, 389
"/home/matushd/Code/GitHub/InternetMarket/frontend/src/app/globals.css", "PostCSS", 0, 0, 0, 0, 0, 0, 0, 0, 22, 0, 5, 27
"/home/matushd/Code/GitHub/InternetMarket/frontend/src/app/layout.tsx", "TypeScript JSX", 0, 0, 0, 0, 41, 0, 0, 0, 0, 0, 5, 46
"/home/matushd/Code/GitHub/InternetMarket/frontend/src/app/login/page.tsx", "TypeScript JSX", 0, 0, 0, 0, 81, 0, 0, 0, 0, 0, 11, 92
"/home/matushd/Code/GitHub/InternetMarket/frontend/src/app/orders/page.tsx", "TypeScript JSX", 0, 0, 0, 0, 215, 0, 0, 0, 0, 0, 14, 229
"/home/matushd/Code/GitHub/InternetMarket/frontend/src/app/page.tsx", "TypeScript JSX", 0, 0, 0, 0, 83, 0, 0, 0, 0, 0, 9, 92
"/home/matushd/Code/GitHub/InternetMarket/frontend/src/app/products/[id]/page.tsx", "TypeScript JSX", 0, 0, 0, 0, 188, 0, 0, 0, 0, 0, 18, 206
"/home/matushd/Code/GitHub/InternetMarket/frontend/src/app/profile/page.tsx", "TypeScript JSX", 0, 0, 0, 0, 101, 0, 0, 0, 0, 0, 11, 112
"/home/matushd/Code/GitHub/InternetMarket/frontend/src/app/register/page.tsx", "TypeScript JSX", 0, 0, 0, 0, 119, 0, 0, 0, 0, 0, 12, 131
"/home/matushd/Code/GitHub/InternetMarket/frontend/src/components/Footer.tsx", "TypeScript JSX", 0, 0, 0, 0, 43, 0, 0, 0, 0, 0, 2, 45
"/home/matushd/Code/GitHub/InternetMarket/frontend/src/components/Header.tsx", "TypeScript JSX", 0, 0, 0, 0, 129, 0, 0, 0, 0, 0, 7, 136
"/home/matushd/Code/GitHub/InternetMarket/frontend/src/components/ProductCard.tsx", "TypeScript JSX", 0, 0, 0, 0, 54, 0, 0, 0, 0, 0, 3, 57
"/home/matushd/Code/GitHub/InternetMarket/frontend/src/components/ui/Button.tsx", "TypeScript JSX", 0, 0, 0, 0, 63, 0, 0, 0, 0, 0, 6, 69
"/home/matushd/Code/GitHub/InternetMarket/frontend/src/components/ui/Input.tsx", "TypeScript JSX", 0, 0, 0, 0, 33, 0, 0, 0, 0, 0, 3, 36
"/home/matushd/Code/GitHub/InternetMarket/frontend/src/context/AuthContext.tsx", "TypeScript JSX", 0, 0, 0, 0, 79, 0, 0, 0, 0, 0, 12, 91
"/home/matushd/Code/GitHub/InternetMarket/frontend/src/context/CartContext.tsx", "TypeScript JSX", 0, 0, 0, 0, 125, 0, 0, 0, 0, 0, 14, 139
"/home/matushd/Code/GitHub/InternetMarket/frontend/src/lib/api.ts", "TypeScript", 0, 0, 44, 0, 0, 0, 0, 0, 0, 0, 10, 54
"/home/matushd/Code/GitHub/InternetMarket/frontend/src/lib/services.ts", "TypeScript", 0, 0, 60, 0, 0, 0, 0, 0, 0, 0, 4, 64
"/home/matushd/Code/GitHub/InternetMarket/frontend/src/types/index.ts", "TypeScript", 0, 0, 117, 0, 0, 0, 0, 0, 0, 0, 16, 133
"/home/matushd/Code/GitHub/InternetMarket/frontend/tsconfig.json", "JSON with Comments", 0, 0, 0, 34, 0, 0, 0, 0, 0, 0, 1, 35
"Total", "-", 26, 20, 225, 34, 1865, 433, 7087, 17077, 22, 221, 3989, 30999